"ID","Location","Region","Denomination","Date1","Date2","Number","Notes","Bibliography"
1,"Adamclisi","Thracia (QE)","K",572,573,1,,"Vertan, Custurea, Pontica 14, 1981, 341"
2,"Enisala","Thracia (QE)","K",574,575,1,,"Vertan, Custurea, Pontica 19, 1986, 300, no. 1084"
3,"Harsova","Thracia (QE)","K",566,567,1,,"Vertan, Custurea, Pontica 19, 1986, 301, no. 1091"
4,"Harsova","Thracia (QE)","K",567,568,1,,"Vertan, Custurea, Pontica 19, 1986, 301, no. 1092"
5,"Harsova","Thracia (QE)","K",569,570,2,,"Vertan, Custurea, Pontica 19, 1986, 301, no. 1093-1094"
6,"Harsova","Thracia (QE)","K",574,575,1,,"Vertan, Custurea, Pontica 19, 1986, 301, no. 1095"
7,"Harsova","Thracia (QE)","K",568,578,2,,"Vertan, Custurea, Pontica 19, 1986, 301, no. 1096-1097"
8,"Mangalia","Thracia (QE)","K",566,567,1,,"Vertan, Custurea, Pontica 19, 1986, 301, no. 1104"
9,"Mangalia","Thracia (QE)","K",569,570,1,,"Vertan, Custurea, Pontica 19, 1986, 301, no. 1105"
10,"Sacidava","Thracia (QE)","K",585,586,1,,"Custurea, Vertan, Talmatchi, Pontica 32, 1999, 352, no. 2029"
11,"Sacidava","Thracia (QE)","K",586,587,1,,"Custurea, Vertan, Talmatchi, Pontica 32, 1999, 355, no. 2074"
12,"Sacidava","Thracia (QE)","K",594,595,1,,"Custurea, Vertan, Talmatchi, Pontica 32, 1999, 355, no. 2076"
13,"Tufani","Thracia (QE)","K",567,568,1,,"Custurea, Vertan, Talmatchi, Pontica 32, 1999, 357, no. 2171"
14,"Tufani","Thracia (QE)","K",563,564,1,,"Custurea, Vertan, Talmatchi, Pontica 32, 1999, 357, no. 2070"
15,"Veteranu","Thracia (QE)","K",566,567,1,,"Custurea, Vertan, Talmatchi, Pontica 32, 1999, 361, no. 2251"
16,"Mangalia","Thracia (QE)","K",566,567,1,,"Poenaru, Ocheseanu, Popescu, SCN 12, 1998, 97"
17,"Mangalia","Thracia (QE)","K",565,578,1,,"Poenaru, Ocheseanu, Popescu, SCN 12, 1998, 97"
18,"Mangalia","Thracia (QE)","K",586,587,1,,"Poenaru, Ocheseanu, Popescu, SCN 12, 1998, 97"
19,"Noviodunum","Thracia (QE)","K",562,563,1,,"Poenaru, Nicolae, Popescu, SCN 12, 1995, 161, no. 50"
20,"Noviodunum","Thracia (QE)","K",564,565,1,,"Poenaru, Nicolae, Popescu, SCN 12, 1995, 161, no. 51"
21,"Noviodunum","Thracia (QE)","IS",552,562,1,,"Poenaru, Nicolae, Popescu, SCN 12, 1995, 161, no. 52"
22,"Noviodunum","Thracia (QE)","IS",552,562,1,,"Poenaru, Nicolae, Popescu, SCN 12, 1995, 161, no. 53"
23,"Noviodunum","Thracia (QE)","K",566,567,1,,"Poenaru, Nicolae, Popescu, SCN 12, 1995, 161, no. 82"
24,"Noviodunum","Thracia (QE)","K",567,568,1,,"Poenaru, Nicolae, Popescu, SCN 12, 1995, 161, no. 83"
25,"Noviodunum","Thracia (QE)","K",568,569,4,,"Poenaru, Nicolae, Popescu, SCN 12, 1995, 161, no. 84-87"
26,"Noviodunum","Thracia (QE)","K",569,570,3,,"Poenaru, Nicolae, Popescu, SCN 12, 1995, 161, no. 88-90"
27,"Noviodunum","Thracia (QE)","K",574,575,3,,"Poenaru, Nicolae, Popescu, SCN 12, 1995, 161, no. 91-93"
28,"Noviodunum","Thracia (QE)","K",577,578,1,,"Poenaru, Nicolae, Popescu, SCN 12, 1995, 161, no. 94"
29,"Noviodunum","Thracia (QE)","K",565,578,1,,"Poenaru, Nicolae, Popescu, SCN 12, 1995, 161, no. 95"
30,"Noviodunum","Thracia (QE)","K",582,583,2,,"Poenaru, Nicolae, Popescu, SCN 12, 1995, 161, no. 114-115"
31,"Noviodunum","Thracia (QE)","K",583,584,1,,"Poenaru, Nicolae, Popescu, SCN 12, 1995, 161, no. 116"
32,"Noviodunum","Thracia (QE)","K",586,587,2,,"Poenaru, Nicolae, Popescu, SCN 12, 1995, 161, no. 117-118"
33,"Noviodunum","Thracia (QE)","K",591,592,3,,"Poenaru, Nicolae, Popescu, SCN 12, 1995, 161, no. 119-121"
34,"Noviodunum","Thracia (QE)","K",593,594,1,,"Poenaru, Nicolae, Popescu, SCN 12, 1995, 161, no. 122"
35,"Noviodunum","Thracia (QE)","K",594,595,1,,"Poenaru, Nicolae, Popescu, SCN 12, 1995, 161, no. 123"
36,"Noviodunum","Thracia (QE)","K",601,602,1,,"Poenaru, Nicolae, Popescu, SCN 12, 1995, 161, no. 124"
37,"Noviodunum","Thracia (QE)","K",582,602,1,,"Poenaru, Nicolae, Popescu, SCN 12, 1995, 161, no. 125"
38,"Adamclisi","Thracia (QE)","K",574,575,1,,"Custurea, Vertan, Pontica 25, 1992, 384, no. 1391"
39,"Adamclisi","Thracia (QE)","K",583,584,1,,"Custurea, Vertan, Pontica 25, 1992, 384, no. 1392"
40,"Adamclisi","Thracia (QE)","K",584,585,1,,"Custurea, Vertan, Pontica 25, 1992, 384, no. 1393"
41,"Adamclisi","Thracia (QE)","K",585,586,1,,"Custurea, Vertan, Pontica 25, 1992, 384, no. 1394"
42,"Troesmis","Thracia (QE)","K",565,578,1,,"Custurea, Vertan, Pontica 25, 1992, 394, no. 1545"
43,"Adamclisi","Thracia (QE)","IS",538,552,1,,"Custurea, Vertan, Talmatchi, Pontica 31, 1998, 316, no. 1829 (K by mistake)"
44,"Izvoarele","Thracia (QE)","K",570,571,1,,"Custurea, Vertan, Talmatchi, Pontica 31, 1998, 321, no. 1930"
45,"Limanu","Thracia (QE)","K",567,568,1,,"Custurea, Vertan, Talmatchi, Pontica 31, 1998, 321, no. 1931"
46,"Sipote","Thracia (QE)","K",568,569,2,,"Custurea, Vertan, Talmatchi, Pontica 31, 1998, 323, no. 1957-1958"
47,"Sipote","Thracia (QE)","K",569,570,1,,"Custurea, Vertan, Talmatchi, Pontica 31, 1998, 323, no. 1956"
48,"Targusor","Thracia (QE)","K",567,568,1,,"Custurea, Vertan, Talmatchi, Pontica 31, 1998, 323, no. 1965"
49,"Ostrov","Thracia (QE)","K",575,576,1,,"Papasima, Pontica 28-29, 1996-1997, 282, no. 9"
50,"Adamclisi","Thracia (QE)","K",572,573,1,,"Vertan, Custurea, Pontica 13, 1980, 355, no. 183"
51,"Dinogetia","Thracia (QE)","K",583,584,1,,"Oberlander, Peuce 8, 1980, 507, no. 102"
52,"Niculitel","Thracia (QE)","K",586,587,1,,"Oberlander, Peuce 8, 1980, 509, no. 136"
53,"Adamclisi","Thracia (QE)","K",572,573,1,,"Vertan, Custurea, Pontica 14, 1981, 341, no. 325"
54,"Mangalia","Thracia (QE)","K",571,572,1,,"Vertan, Custurea, Pontica 12, 1979, 236, no. 55"
55,"Slava Rusa","Thracia (QE)","K",562,563,1,,"Opait, Opait, Banica, RMI 59, 1990, 28"
56,"Slava Rusa","Thracia (QE)","K",582,602,1,,"Opait, Opait, Banica, RMI 59, 1990, 28"
57,"Troesmis","Thracia (QE)","K",563,564,1,,"Oberlander, Peuce 8, 1980, 277"
58,"Troesmis","Thracia (QE)","IS",538,552,1,,"Oberlander, Peuce 8, 1980, 277"
59,"Troesmis","Thracia (QE)","K",577,578,1,,"Oberlander, Peuce 8, 1980, 267"
60,"Troesmis","Thracia (QE)","K",575,576,1,,"Oberlander, Peuce 8, 1980, 267"
61,"Noviodunum","Thracia (QE)","K",567,568,1,,"Popescu, Iacob, Georgescu, CN 7, 1996, 94"
62,"Pacuiul lui Soare","Thracia (QE)","K",568,569,1,,"Custurea, papasima, Pontica 25, 1992, 365, no. 8"
63,"Pacuiul lui Soare","Thracia (QE)","K",569,570,1,,"Custurea, papasima, Pontica 25, 1992, 365, no. 9"
64,"Pacuiul lui Soare","Thracia (QE)","K",565,578,1,,"Custurea, papasima, Pontica 25, 1992, 365, no. 11"
65,"Histria","Thracia (QE)","K",562,563,1,,"Nubar, Histria III, 1973, 207, no. 1788"
66,"Histria","Thracia (QE)","K",566,567,1,,"Nubar, Histria III, 1973, 211, no. 1851"
67,"Histria","Thracia (QE)","K",568,569,1,,"Nubar, Histria III, 1973, 212, no. 1852"
68,"Histria","Thracia (QE)","K",569,570,4,,"Nubar, Histria III, 1973, 212, no. 1853-1856"
69,"Histria","Thracia (QE)","K",571,572,1,,"Nubar, Histria III, 1973, 212, no. 1857"
70,"Histria","Thracia (QE)","K",574,575,3,,"Nubar, Histria III, 1973, 212, no. 1858-1860"
71,"Histria","Thracia (QE)","K",575,576,1,,"Nubar, Histria III, 1973, 212, no. 1861"
72,"Histria","Thracia (QE)","K",577,578,3,,"Nubar, Histria III, 1973, 212, no. 1862-1864"
73,"Histria","Thracia (QE)","K",565,578,3,,"Nubar, Histria III, 1973, 212, no. 1865-1867"
74,"Histria","Thracia (QE)","K",561,602,5,,"Nubar, Histria III, 1973, 222, no. 1971, 224, no. 2022-2024"
75,"Histria","Thracia (QE)","K",585,586,1,,"Nubar, Histria III, 1973, 219, no. 1916"
76,"Histria","Thracia (QE)","K",586,587,1,,"Nubar, Histria III, 1973, 219, no. 1917"
77,"Histria","Thracia (QE)","K",592,593,1,,"Nubar, Histria III, 1973, 219, no. 1918"
78,"Histria","Thracia (QE)","K",596,597,1,,"Nubar, Histria III, 1973, 219, no. 1919"
79,"Histria","Thracia (QE)","K",603,610,1,,"Nubar, Histria III, 1973, 225, no. 2032"
80,"Histria","Thracia (QE)","K",569,570,1,,"Poenaru, Histria VI, 1982, 154"
81,"Histria","Thracia (QE)","K",569,570,1,,"Poenaru, Histria XIII, 2007, 183, no. 193"
82,"Histria","Thracia (QE)","K",577,578,1,,"Poenaru, Histria XIII, 2007, 183, no. 194"
83,"Histria","Thracia (QE)","K",582,583,1,,"Poenaru, Histria XIII, 2007, 186, no. 214"
84,"Histria","Thracia (QE)","K",585,586,1,,"Poenaru, Histria XIII, 2007, 186, no. 215"
85,"Histria","Thracia (QE)","K",586,587,1,,"Poenaru, Histria XIII, 2007, 186, no. 216"
86,"Histria","Thracia (QE)","K",592,593,1,,"Poenaru, Histria XIII, 2007, 187, no. 217"
87,"Adamclisi","Thracia (QE)","K",518,527,1,,"Ocheseanu, 1976 mss, 53, no. 747"
88,"Adamclisi","Thracia (QE)","IS",552,562,1,,"Ocheseanu, 1976 mss, 66, no. 837=MINAC 2004, 61, no. 432"
89,"Adamclisi","Thracia (QE)","K",563,564,2,,"Ocheseanu, 1976 mss, 66, no. 838-839"
90,"Adamclisi","Thracia (QE)","K",568,569,2,,"Ocheseanu, 1976 mss, 74, no. 898-899=MINAC 2004, 86, no. 676-677"
91,"Adamclisi","Thracia (QE)","K",569,570,1,,"Ocheseanu, 1976 mss, 74, no. 900=MINAC 2004, 87, no. 689"
92,"Adamclisi","Thracia (QE)","K",570,571,1,,"Ocheseanu, 1976 mss, 74, no. 901=MINAC 2004, 88, no. 702"
93,"Adamclisi","Thracia (QE)","K",573,574,1,,"Ocheseanu, 1976 mss, 74, no. 902"
94,"Adamclisi","Thracia (QE)","K",574,575,4,,"Ocheseanu, 1976 mss, 74, no. 903-906=MINAC 2004, 89, no. 707,709-710"
95,"Adamclisi","Thracia (QE)","K",576,577,1,,"Ocheseanu, 1976 mss, 74, no. 907=MINAC 2004, 90, no. 726"
96,"Capidava","Thracia (QE)","IS",538,552,1,,"Gandila, CN 12-13, 2006-2007, 115, no. 56"
97,"Capidava","Thracia (QE)","K",562,565,1,,"Gandila, CN 12-13, 2006-2007, 115, no. 57"
98,"Capidava","Thracia (QE)","K",566,567,2,,"Gandila, CN 12-13, 2006-2007, 116, no. 105-106"
99,"Capidava","Thracia (QE)","K",567,568,3,,"Gandila, CN 12-13, 2006-2007, 116, no. 107-109"
100,"Capidava","Thracia (QE)","K",568,569,1,,"Gandila, CN 12-13, 2006-2007, 116, no. 110"
101,"Capidava","Thracia (QE)","K",569,570,6,,"Gandila, CN 12-13, 2006-2007, 117, no. 111-116"
102,"Capidava","Thracia (QE)","K",572,573,2,,"Gandila, CN 12-13, 2006-2007, 117, no. 117-118"
103,"Capidava","Thracia (QE)","K",574,575,3,,"Gandila, CN 12-13, 2006-2007, 117, no. 119-121"
104,"Capidava","Thracia (QE)","K",565,578,2,,"Gandila, CN 12-13, 2006-2007, 117, no. 122-123"
105,"Capidava","Thracia (QE)","K",588,589,1,,"Gandila, CN 12-13, 2006-2007, 118, no. 156"
106,"Capidava","Thracia (QE)","K",591,592,1,,"Gandila, CN 12-13, 2006-2007, 117, no. 157"
107,"Capidava","Thracia (QE)","K",600,601,1,,"Gandila, CN 12-13, 2006-2007, 117, no. 158"
108,"Capidava","Thracia (QE)","K",587,602,1,,"Gandila, CN 12-13, 2006-2007, 117, no. 159"
109,"Dinogetia","Thracia (QE)","IS",538,552,1,,"Mitrea, Pontica 7, 1974, 65, no. 25"
110,"Dinogetia","Thracia (QE)","K",569,570,2,,"Mitrea, Pontica 7, 1974, 67, no. 45-46"
111,"Dinogetia","Thracia (QE)","K",570,571,1,,"Mitrea, Pontica 7, 1974, 67, no. 47"
112,"Dinogetia","Thracia (QE)","K",572,573,1,,"Mitrea, Pontica 7, 1974, 68, no. 48"
113,"Dinogetia","Thracia (QE)","K",574,575,1,,"Mitrea, Pontica 7, 1974, 68, no. 49"
114,"Dinogetia","Thracia (QE)","K",578,579,1,,"Mitrea, Pontica 7, 1974, 69, no. 57"
115,"Dinogetia","Thracia (QE)","K",578,582,1,,"Mitrea, Pontica 7, 1974, 69, no. 58"
116,"Dinogetia","Thracia (QE)","K",585,586,1,,"Mitrea, Pontica 7, 1974, 69, no. 65"
117,"Dinogetia","Thracia (QE)","K",562,602,2,,"Mitrea, Pontica 7, 1974, 70, no. 66-67"
118,"Constanta","Thracia (QE)","IS",538,562,1,,"Isvoranu, Poenaru, Simpozion de Numismatica, 2003, 156, no. 75 (wrong K)"
119,"Constanta","Thracia (QE)","K",563,564,2,,"Isvoranu, Poenaru, Simpozion de Numismatica, 2003, 156, no. 76-77"
120,"Constanta","Thracia (QE)","K",564,565,2,,"Isvoranu, Poenaru, Simpozion de Numismatica, 2003, 156, no. 78-79"
121,"Constanta","Thracia (QE)","K",566,567,1,,"Isvoranu, Poenaru, Simpozion de Numismatica, 2003, 156, no. 130"
122,"Constanta","Thracia (QE)","K",567,568,3,,"Isvoranu, Poenaru, Simpozion de Numismatica, 2003, 156, no. 131-133"
123,"Constanta","Thracia (QE)","K",569,570,3,,"Isvoranu, Poenaru, Simpozion de Numismatica, 2003, 156, no. 138-140"
124,"Constanta","Thracia (QE)","K",570,571,2,,"Isvoranu, Poenaru, Simpozion de Numismatica, 2003, 156, no. 141-142"
125,"Constanta","Thracia (QE)","K",568,569,4,,"Isvoranu, Poenaru, Simpozion de Numismatica, 2003, 156, no. 134-137"
126,"Constanta","Thracia (QE)","K",571,572,1,,"Isvoranu, Poenaru, Simpozion de Numismatica, 2003, 157, no. 143"
127,"Constanta","Thracia (QE)","K",574,575,8,,"Isvoranu, Poenaru, Simpozion de Numismatica, 2003, 157, no. 144-151"
128,"Constanta","Thracia (QE)","K",575,576,1,,"Isvoranu, Poenaru, Simpozion de Numismatica, 2003, 157, no. 152"
129,"Constanta","Thracia (QE)","K",577,578,1,,"Isvoranu, Poenaru, Simpozion de Numismatica, 2003, 157, no. 153"
130,"Constanta","Thracia (QE)","K",565,578,1,,"Isvoranu, Poenaru, Simpozion de Numismatica, 2003, 157, no. 154"
131,"Constanta","Thracia (QE)","E",568,578,1,,"Isvoranu, Poenaru, Simpozion de Numismatica, 2003, 157, no. 155"
133,"Constanta","Thracia (QE)","K",586,587,4,,"Isvoranu, Poenaru, Simpozion de Numismatica, 2003, 157, no. 203; MINAC 2004, 113, no. 881-883"
134,"Constanta","Thracia (QE)","K",587,588,2,,"Isvoranu, Poenaru, Simpozion de Numismatica, 2003, 157, no. 204; MINAC 2004, 113, no. 885"
135,"Constanta","Thracia (QE)","K",591,592,2,,"Isvoranu, Poenaru, Simpozion de Numismatica, 2003, 157, no. 205-206"
136,"Constanta","Thracia (QE)","K",592,593,1,,"Isvoranu, Poenaru, Simpozion de Numismatica, 2003, 157, no. 207"
137,"Constanta","Thracia (QE)","K",596,597,1,,"Isvoranu, Poenaru, Simpozion de Numismatica, 2003, 157, no. 208"
138,"Constanta","Thracia (QE)","K",600,601,1,,"Isvoranu, Poenaru, Simpozion de Numismatica, 2003, 157, no. 209"
139,"Constanta","Thracia (QE)","K",604,605,3,,"Isvoranu, Poenaru, Simpozion de Numismatica, 2003, 158, no. 233-235"
140,"Halmyris","Thracia (QE)","K",562,563,1,,"Poenaru, Halmyris, 2003, 148, no. 181"
141,"Halmyris","Thracia (QE)","K",566,567,1,,"Poenaru, Halmyris, 2003, 151, no. 209"
142,"Halmyris","Thracia (QE)","K",567,568,2,,"Poenaru, Halmyris, 2003, 151-152, no. 210-211"
143,"Halmyris","Thracia (QE)","K",568,569,4,,"Poenaru, Halmyris, 2003, 152, no. 212-215"
144,"Halmyris","Thracia (QE)","K",569,570,3,,"Poenaru, Halmyris, 2003, 152, no. 216-218"
145,"Halmyris","Thracia (QE)","K",571,572,2,,"Poenaru, Halmyris, 2003, 153, no. 219-220"
146,"Halmyris","Thracia (QE)","K",575,576,1,,"Poenaru, Halmyris, 2003, 153, no. 221"
147,"Halmyris","Thracia (QE)","K",587,588,1,,"Poenaru, Halmyris, 2003, 155, no. 240"
148,"Halmyris","Thracia (QE)","K",601,602,1,,"Poenaru, Halmyris, 2003, 155, no. 241"
149,"Dobrudja","Thracia (QE)","IS",538,552,1,,"MINAC 2004, 61, no. 433"
150,"Dobrudja","Thracia (QE)","K",562,563,1,,"MINAC 2004, 62, no. 434"
151,"Dobrudja","Thracia (QE)","K",563,564,3,,"MINAC 2004, 62, no. 436, 440-441"
152,"Canlia","Thracia (QE)","K",563,564,1,,"MINAC 2004, 61, no. 437"
153,"Constanta","Thracia (QE)","K",563,564,2,,"MINAC 2004, 62, no. 435, 439"
154,"Constanta","Thracia (QE)","K",564,565,1,,"MINAC 2004, 62, no. 443"
155,"Dobrudja","Thracia (QE)","K",572,573,1,,"MINAC 2004, 86, no. 670"
156,"Adamclisi","Thracia (QE)","K",576,577,1,,"MINAC 2004, 86, no. 671"
157,"Dobrudja","Thracia (QE)","K",568,569,6,,"MINAC 2004, 86 no. 678 and 87, no. 680, 683 and 685; Chiriac, Pontica 16, 1983, 331, no. 43; Vertan, Custurea, Pontica 16, 1983, 312, no. 777"
158,"Dobrudja","Thracia (QE)","K",569,570,5,"overstruck IS","MINAC 2004, 86, no. 687 and 87, no. 695-696, 698; Vertan, Custurea, Pontica 16, 1983, 312, no. 776"
159,"Palazu-Mare","Thracia (QE)","K",569,570,1,,"MINAC 2004, 87, no. 688"
160,"Constanta","Thracia (QE)","K",569,570,1,,"MINAC 2004, 87, no. 690"
161,"Pecineaga","Thracia (QE)","K",569,570,1,,"MINAC 2004, 87, no. 693"
162,"Constanta","Thracia (QE)","K",570,571,1,,"MINAC 2004, 88, no. 700"
163,"Dobrudja","Thracia (QE)","K",570,571,1,,"MINAC 2004, 88, no. 701"
164,"Canlia","Thracia (QE)","K",570,571,1,,"MINAC 2004, 88, no. 703"
165,"Dobrudja","Thracia (QE)","K",574,575,8,,"MINAC 2004, 89, no. 7708, 712, 716-720; Vertan, Custurea, Pontica 19, 1986, 302, no. 1128"
166,"Dobrudja","Thracia (QE)","K",575,576,4,,"MINAC 2004, 89, no. 723-724; Vertan, Custurea, Pontica 16, 1983, 312, no. 778"
167,"Constanta","Thracia (QE)","K",576,577,2,,"MINAC 2004, 90, no. 728-729"
168,"Dobrudja","Thracia (QE)","K",577,578,1,,"MINAC 2004, 90, no. 733"
169,"Rasova","Thracia (QE)","K",577,578,1,,"MINAC 2004, 89, no. 731"
170,"Dobrudja","Thracia (QE)","K",578,579,1,,"MINAC 2004, 95, no. 770"
171,"Canlia","Thracia (QE)","K",582,583,1,,"MINAC 2004, 111, no. 863"
172,"Dobrudja","Thracia (QE)","K",583,584,3,,"MINAC 2004, 111-112, no. 864-865, 867"
173,"Canlia","Thracia (QE)","K",583,584,1,,"MINAC 2004, 112, no. 868"
174,"Constanta","Thracia (QE)","K",584,585,1,,"MINAC 2004, 112, no. 869"
175,"Dobrudja","Thracia (QE)","K",585,586,1,,"MINAC 2004, 112, no. 870"
176,"Dobrudja","Thracia (QE)","K",586,587,1,,"MINAC 2004, 112, no. 880"
177,"Constanta","Thracia (QE)","K",586,587,2,,"MINAC 2004, 112, no. 873, 875"
178,"Constanta","Thracia (QE)","K",589,590,1,,"MINAC 2004, 113, no. 886"
179,"Dobrudja","Thracia (QE)","K",589,590,1,,"MINAC 2004, 113, no. 887"
180,"Constanta","Thracia (QE)","K",591,592,1,,"MINAC 2004, 113, no. 888"
181,"Rasova","Thracia (QE)","K",592,593,1,,"MINAC 2004, 113, no. 890"
182,"Constanta","Thracia (QE)","K",582,602,2,,"MINAC 2004, 114, no. 895-896"
183,"Adamclisi","Thracia (QE)","K",574,575,1,,"Custurea, Cliante, Pontica 39, 2006, 424, no. 8"
184,"Constanta","Thracia (QE)","K",566,567,1,,"Custurea, Cliante, Pontica 39, 2006, 427, no. 51"
185,"Constanta","Thracia (QE)","K",567,568,1,,"Custurea, Cliante, Pontica 39, 2006, 427, no. 52"
186,"Constanta","Thracia (QE)","K",569,570,2,,"Custurea, Cliante, Pontica 39, 2006, 427, no. 54-55"
187,"Constanta","Thracia (QE)","K",575,576,1,,"Custurea, Cliante, Pontica 39, 2006, 427, no. 57"
188,"Constanta","Thracia (QE)","K",568,578,1,,"Custurea, Cliante, Pontica 39, 2006, 427, no. 62"
189,"Dunareni-Bratca","Thracia (QE)","K",568,569,1,,"Custurea, Cliante, Pontica 39, 2006, 428, no. 76"
190,"Mangalia","Thracia (QE)","K",569,570,1,,"Custurea, Cliante, Pontica 39, 2006, 429, no. 85"
191,"Dobrudja","Thracia (QE)","IS",527,562,1,,"Custurea, Cliante, Pontica 39, 2006, 430, no. 100"
192,"Dobrudja","Thracia (QE)","K",568,569,1,,"Custurea, Cliante, Pontica 39, 2006, 430, no. 102"
193,"Dobrudja","Thracia (QE)","K",570,571,1,,"Custurea, Cliante, Pontica 39, 2006, 430, no. 103"
194,"Sacidava","Thracia (QE)","IS",538,552,1,,"Custurea, Pontica 41, 2008, 539, no. 68"
195,"Sacidava","Thracia (QE)","K",562,565,1,,"Custurea, Pontica 41, 2008, 539, no. 76"
196,"Sacidava","Thracia (QE)","K",563,564,1,,"Custurea, Pontica 41, 2008, 539, no. 77"
197,"Sacidava","Thracia (QE)","K",566,567,2,,"Custurea, Pontica 41, 2008, 539, no. 79-80"
198,"Sacidava","Thracia (QE)","K",567,568,1,,"Custurea, Pontica 41, 2008, 539, no. 81"
199,"Sacidava","Thracia (QE)","K",568,569,2,,"Custurea, Pontica 41, 2008, 540, no. 82-83"
200,"Sacidava","Thracia (QE)","K",569,570,8,,"Custurea, Pontica 41, 2008, 540, no. 88-95"
201,"Sacidava","Thracia (QE)","K",570,571,1,,"Custurea, Pontica 41, 2008, 541, no. 107"
202,"Sacidava","Thracia (QE)","K",572,573,1,,"Custurea, Pontica 41, 2008, 541, no. 120"
203,"Sacidava","Thracia (QE)","K",569,573,1,,"Custurea, Pontica 41, 2008, 541, no. 121"
204,"Sacidava","Thracia (QE)","K",574,575,2,,"Custurea, Pontica 41, 2008, 542, no. 128-129"
205,"Sacidava","Thracia (QE)","K",575,576,2,,"Custurea, Pontica 41, 2008, 542, no. 130-131"
206,"Sacidava","Thracia (QE)","K",568,576,1,,"Custurea, Pontica 41, 2008, 542, no. 132"
207,"Sacidava","Thracia (QE)","K",574,577,1,,"Custurea, Pontica 41, 2008, 542, no. 133"
208,"Sacidava","Thracia (QE)","K",577,578,1,,"Custurea, Pontica 41, 2008, 542, no. 134"
209,"Sacidava","Thracia (QE)","K",584,585,3,,"Custurea, Pontica 41, 2008, 542, no. 138-140"
210,"Sacidava","Thracia (QE)","K",588,589,1,,"Custurea, Pontica 41, 2008, 542, no. 141"
211,"Sacidava","Thracia (QE)","K",589,590,1,,"Custurea, Pontica 41, 2008, 542, no. 142"
212,"Harsova","Thracia (QE)","K",577,578,1,,"Custurea, Pontica 41, 2008, 543, no. 146"
213,"Troesmis-Iglita","Thracia (QE)","K",563,564,2,,"Custurea, Pontica 41, 2008, 543, no. 164-165"
214,"Troesmis-Iglita","Thracia (QE)","K",567,568,2,,"Custurea, Pontica 41, 2008, 544, no. 168-169"
215,"Troesmis-Iglita","Thracia (QE)","K",568,569,2,,"Custurea, Pontica 41, 2008, 544, no. 171-172"
216,"Troesmis-Iglita","Thracia (QE)","K",569,570,3,,"Custurea, Pontica 41, 2008, 544, no. 175-177"
217,"Troesmis-Iglita","Thracia (QE)","K",570,571,1,,"Custurea, Pontica 41, 2008, 544, no. 182"
218,"Troesmis-Iglita","Thracia (QE)","K",571,572,3,,"Custurea, Pontica 41, 2008, 544-545, no. 186-188"
219,"Troesmis-Iglita","Thracia (QE)","K",574,575,1,,"Custurea, Pontica 41, 2008, 545, no. 194"
220,"Troesmis-Iglita","Thracia (QE)","K",577,578,1,,"Custurea, Pontica 41, 2008, 545, no. 196"
221,"Troesmis-Iglita","Thracia (QE)","K",582,583,1,,"Custurea, Pontica 41, 2008, 545, no. 201"
222,"Troesmis-Iglita","Thracia (QE)","K",591,592,1,,"Custurea, Pontica 41, 2008, 545, no. 206"
223,"Ulmetum","Thracia (QE)","K",568,569,1,,"Custurea, Pontica 41, 2008, 546, no. 219"
224,"Topalu","Thracia (QE)","K",571,572,2,,"Custurea, Pontica 41, 2008, 548, no. 258-259"
225,"Topalu","Thracia (QE)","K",576,577,1,,"Custurea, Pontica 41, 2008, 548, no. 261"
237,"Capidava","Thracia (QE)","K",568,569,1,,"Custurea, Pontica 45, 2012, 621, no. 16"
238,"Dunavat","Thracia (QE)","K",568,569,1,,"Custurea, Pontica 45, 2012, 622, no. 29"
239,"Dunavat","Thracia (QE)","K",574,575,2,"overstruck IS","Custurea, Pontica 45, 2012, 622, no. 31-32"
240,"Izvoarele","Thracia (QE)","K",568,569,4,,"Custurea, Pontica 45, 2012, 623, no. 57; Mihaylov 2016, table 1, no. 14-16"
241,"Lanurile","Thracia (QE)","IS",538,552,1,,"Custurea, Pontica 45, 2012, 624, no. 73"
242,"Lanurile","Thracia (QE)","K",566,567,1,,"Custurea, Pontica 45, 2012, 624, no. 75"
243,"Lanurile","Thracia (QE)","K",569,570,1,,"Custurea, Pontica 45, 2012, 624, no. 76"
244,"Lanurile","Thracia (QE)","K",572,573,1,,"Custurea, Pontica 45, 2012, 624, no. 77"
245,"Lanurile","Thracia (QE)","K",574,575,1,,"Custurea, Pontica 45, 2012, 624, no. 78"
246,"Halmyris","Thracia (QE)","K",569,570,1,,"Custurea, Pontica 45, 2012, 625, no. 90"
247,"Nufaru","Thracia (QE)","K",569,570,2,,"Custurea, Pontica 45, 2012, 626, no. 106-107"
248,"Nufaru","Thracia (QE)","K",574,575,1,,"Custurea, Pontica 45, 2012, 626, no. 109"
249,"Nufaru","Thracia (QE)","K",577,578,1,,"Custurea, Pontica 45, 2012, 626, no. 110"
250,"Nufaru","Thracia (QE)","K",586,587,2,,"Custurea, Pontica 45, 2012, 626, no. 111-112"
251,"Palazu-Mic","Thracia (QE)","K",567,568,2,,"Custurea, Pontica 45, 2012, 627, no. 119-120"
252,"Palazu-Mic","Thracia (QE)","K",568,569,2,,"Custurea, Pontica 45, 2012, 627, no. 121-122"
253,"Palazu-Mic","Thracia (QE)","K",569,570,3,,"Custurea, Pontica 45, 2012, 627, no. 123-125"
254,"Palazu-Mic","Thracia (QE)","K",588,589,1,,"Custurea, Pontica 45, 2012, 626, no. 130"
255,"Slava Rusa","Thracia (QE)","K",565,571,1,,"Custurea, Pontica 45, 2012, 628, no. 145"
256,"Slava Rusa","Thracia (QE)","K",568,578,1,,"Custurea, Pontica 45, 2012, 628, no. 148"
257,"Dobrudja","Thracia (QE)","K",568,569,1,,"Custurea, Pontica 45, 2012, 630, no. 172"
258,"Dobrudja","Thracia (QE)","K",565,571,1,,"Custurea, Pontica 45, 2012, 630, no. 174"
259,"Dobrudja","Thracia (QE)","K",571,572,1,,"Custurea, Pontica 45, 2012, 630, no. 175"
260,"Dobrudja","Thracia (QE)","K",573,574,1,,"Custurea, Pontica 45, 2012, 630, no. 177"
261,"Dobrudja","Thracia (QE)","K",574,575,1,,"Custurea, Pontica 45, 2012, 630, no. 180"
262,"Dobrudja","Thracia (QE)","K",568,577,1,,"Custurea, Pontica 45, 2012, 630, no. 182"
263,"Silistra","Thracia (QE)","IS",538,552,1,,"MNIR 2002"
264,"Silistra","Thracia (QE)","IS",538,552,7,,"MNIR 2002"
265,"Silistra","Thracia (QE)","IS",552,562,2,,"MNIR 2002"
268,"Silistra","Thracia (QE)","K",563,564,3,,"MNIR 2002"
269,"Silistra","Thracia (QE)","K",563,564,1,,"MNIR 2002"
270,"Silistra","Thracia (QE)","K",564,565,4,,"MNIR 2002"
271,"Silistra","Thracia (QE)","K",565,566,3,,"MNIR 2002"
272,"Silistra","Thracia (QE)","K",566,567,3,,"MNIR 2002"
273,"Silistra","Thracia (QE)","K",567,568,6,,"MNIR 2002"
274,"Silistra","Thracia (QE)","K",568,569,17,"4 overstruck","MNIR 2002"
275,"Silistra","Thracia (QE)","K",568,578,6,,"MNIR 2002"
276,"Silistra","Thracia (QE)","K",569,570,12,"2 overstruck","MNIR 2002"
277,"Silistra","Thracia (QE)","K",570,571,3,,"MNIR 2002"
278,"Silistra","Thracia (QE)","K",572,573,2,,"MNIR 2002"
279,"Silistra","Thracia (QE)","K",573,574,1,,"MNIR 2002"
280,"Silistra","Thracia (QE)","K",574,575,20,"4 overstruck","MNIR 2002"
281,"Silistra","Thracia (QE)","K",575,576,4,,"MNIR 2002"
282,"Silistra","Thracia (QE)","K",576,577,2,,"MNIR 2002"
283,"Silistra","Thracia (QE)","K",578,579,6,"2 overstruck","MNIR 2002"
284,"Silistra","Thracia (QE)","K",582,583,1,"1 overstruck","MNIR 2002"
285,"Silistra","Thracia (QE)","I",582,602,1,,"MNIR 2002"
286,"Silistra","Thracia (QE)","K",582,601,1,,"MNIR 2002"
287,"Silistra","Thracia (QE)","K",583,584,2,"1 overstruck","MNIR 2002"
288,"Silistra","Thracia (QE)","K",584,585,6,"1 overstruck","MNIR 2002"
289,"Silistra","Thracia (QE)","K",585,586,2,"1 overstruck","MNIR 2002"
290,"Silistra","Thracia (QE)","K",586,587,2,"1 overstruck","MNIR 2002"
291,"Silistra","Thracia (QE)","K",587,588,1,,"MNIR 2002"
292,"Silistra","Thracia (QE)","K",589,590,1,"1 overstruck","MNIR 2002"
293,"Silistra","Thracia (QE)","K",591,592,1,,"MNIR 2002"
294,"Silistra","Thracia (QE)","K",594,595,1,,"MNIR 2002"
295,"Silistra","Thracia (QE)","K",596,597,1,,"MNIR 2002"
296,"Silistra","Thracia (QE)","K",598,599,1,"1 overstruck","MNIR 2002"
297,"Silistra","Thracia (QE)","K",601,602,2,"1 overstruck","MNIR 2002"
298,"Silistra","Thracia (QE)","M",614,615,1,,"MNIR 2002"
299,"Nufaru","Thracia (QE)","K",574,575,1,,"Manucu, Petac, Pontica 35-36, 2002-2003, 426, no. 3"
300,"Targusor","Thracia (QE)","K",571,572,1,,"Vertan, Custurea, Pontica 17, 1984, 253, no. 999"
301,"Izvoarele","Thracia (QE)","K",565,566,1,,"Custurea, Vertan, Pontica 28-29, 1995-1996, 317, no. 1602"
302,"Izvoarele","Thracia (QE)","K",567,568,2,,"Custurea, Vertan, Pontica 28-29, 1995-1996, 317, no. 1603;Vertan, Custurea, Talmatchi, Pontica 31, 1998, 321, no. 1931"
303,"Izvoarele","Thracia (QE)","K",569,570,2,,"Custurea, Vertan, Pontica 28-29, 1995-1996, 317, no. 1604; Mihaylov 2016, table 1, no. 17"
304,"Izvoarele","Thracia (QE)","K",574,575,3,,"Custurea, Vertan, Pontica 28-29, 1995-1996, 317-318, no. 1605-1606; Mihaylov 2016, table 1, no. 20"
305,"Ulmetum","Thracia (QE)","K",574,575,1,,"Custurea, Vertan, Pontica 28-29, 1995-1996, 320, no. 1639"
306,"Noviodunum","Thracia (QE)","K",567,568,1,,"Vertan, Custurea, Talmatchi, Pontica 30, 1997, 379, no. 1750"
307,"Izvoarele","Thracia (QE)","K",565,578,1,,"Vertan, Custurea, Talmatchi, Pontica 30, 1997, 381, no. 1786"
308,"Enisala","Thracia (QE)","K",569,570,1,,"Oberlander, manucu, CN 4, 1982, 117"
309,"Enisala","Thracia (QE)","K",574,575,1,,"Oberlander, manucu, CN 4, 1982, 117"
310,"Satu Nou","Thracia (QE)","K",568,569,1,,"Custurea, Pontica 33-34, 2000-2001, 591, no. 11"
311,"Satu Nou","Thracia (QE)","K",572,573,1,,"Custurea, Pontica 33-34, 2000-2001, 591, no. 12"
312,"Satu Nou","Thracia (QE)","K",594,595,1,,"Custurea, Pontica 33-34, 2000-2001, 591, no. 13"
313,"Cetatea","Thracia (QE)","K",562,563,1,,"Petac, Ionescu, Simpozion de Numismatica, 2002, 110"
314,"Dobrudja","Thracia (QE)","K",568,569,2,,"Poenaru, Baumann, Peuce 4, 1973-1975, 155, no. 24-25"
315,"Dobrudja","Thracia (QE)","K",569,570,1,,"Poenaru, Baumann, Peuce 4, 1973-1975, 155, no. 26"
316,"Dobrudja","Thracia (QE)","K",601,602,1,,"Poenaru, Baumann, Peuce 4, 1973-1975, 155, no. 27"
317,"Troesmis","Thracia (QE)","K",577,578,1,,"Chiriac, Bounegru, peuce 4, 1973-1975, 101-102, no. 6"
318,"Sacidava","Thracia (QE)","K",564,565,2,,"Custurea, Pontica 37-38, 2004-2005, 496, no. 21-22"
319,"Sacidava","Thracia (QE)","K",566,567,1,,"Custurea, Pontica 37-38, 2004-2005, 496, no. 23"
320,"Sacidava","Thracia (QE)","K",567,568,2,,"Custurea, Pontica 37-38, 2004-2005, 496, no. 24-25"
321,"Sacidava","Thracia (QE)","K",568,569,1,,"Custurea, Pontica 37-38, 2004-2005, 496, no. 26"
322,"Sacidava","Thracia (QE)","K",574,575,1,,"Custurea, Pontica 37-38, 2004-2005, 496, no. 27"
323,"Sacidava","Thracia (QE)","K",593,594,1,,"Custurea, Pontica 37-38, 2004-2005, 496, no. 28"
324,"Gradina","Thracia (QE)","K",568,569,1,,"Custurea, Pontica 37-38, 2004-2005, 496, no. 33"
325,"Histria","Thracia (QE)","K",566,567,1,,"Custurea, Pontica 37-38, 2004-2005, 497, no. 41"
326,"Histria","Thracia (QE)","K",568,576,1,,"Custurea, Pontica 37-38, 2004-2005, 497, no. 42"
327,"Histria","Thracia (QE)","K",565,578,1,,"Custurea, Pontica 37-38, 2004-2005, 497, no. 43"
328,"Noviodunum","Thracia (QE)","K",586,587,1,,"Custurea, Pontica 37-38, 2004-2005, 498, no. 48"
329,"Nufaru","Thracia (QE)","K",568,569,1,,"Custurea, Pontica 37-38, 2004-2005, 497, no. 61"
330,"Rasova","Thracia (QE)","K",575,576,1,,"Custurea, Pontica 37-38, 2004-2005, 499, no. 67"
331,"Topalu","Thracia (QE)","IS",552,562,1,,"Custurea, Pontica 37-38, 2004-2005, 501, no. 107"
332,"Topalu","Thracia (QE)","K",568,569,1,,"Custurea, Pontica 37-38, 2004-2005, 501, no. 109"
333,"Topalu","Thracia (QE)","K",574,575,1,,"Custurea, Pontica 37-38, 2004-2005, 501, no. 110"
334,"Topalu","Thracia (QE)","K",588,589,1,,"Custurea, Pontica 37-38, 2004-2005, 501, no. 111"
335,"Tufani","Thracia (QE)","K",570,571,1,,"Custurea, Pontica 37-38, 2004-2005, 502, no. 113"
336,"Dobrudja","Thracia (QE)","K",564,565,1,,"Custurea, Pontica 37-38, 2004-2005, 503, no. 131"
337,"Dobrudja","Thracia (QE)","K",570,571,1,,"Custurea, Pontica 37-38, 2004-2005, 503, no. 132"
338,"Cernavoda","Thracia (QE)","K",565,578,1,,"Poenaru, Ocheseanu, Nicolae, ScN 9, 1989, 72, no. 204"
339,"Cernavoda","Thracia (QE)","K",592,593,1,,"Poenaru, Ocheseanu, Nicolae, ScN 9, 1989, 72, no. 206"
340,"Sinoe","Thracia (QE)","K",613,614,1,,"Dimian, SCN 1, 1957, 210, no. 4"
341,"Vacareni","Thracia (QE)","K",586,587,1,,"Poenaru, Ocheseanu, BSNR 86-87, 88, no. 5"
342,"Dobrudja","Thracia (QE)","K",567,568,1,,"Vertan, Custurea, Pontica 19, 1986, 302, no. 1117"
343,"Dobrudja","Thracia (QE)","K",565,578,1,,"Vertan, Custurea, Pontica 19, 1986, 302, no. 1129"
344,"Onogur","Thracia (QE)","IS",538,552,1,,"Mihaylov 2014, 613, no. 1"
345,"Gradishte (Gabrovo)","Thracia (QE)","IS",538,552,1,,"Mihaylov 2014, 613, no. 2"
346,"Shumen","Thracia (QE)","IS",538,552,1,,"Mihaylov 2014, 613, no. 3"
347,"Aksakovo","Thracia (QE)","IS",538,552,1,,"Mihaylov 2014, 613, no. 4"
348,"Novae","Thracia (QE)","IS",538,552,2,,"Mihaylov 2014, 613, no. 5-6"
349,"Voynikovo","Thracia (QE)","IS",538,552,1,,"Mihaylov 2014, 614, no. 7"
350,"Onogur","Thracia (QE)","IS",538,552,1,,"Mihaylov 2014, 614, no. 8"
351,"Moesia II","Thracia (QE)","IS",538,552,2,,"Mihaylov 2014, 614, no. 9-10"
352,"Novae","Thracia (QE)","IS",538,552,1,,"Mihaylov 2014, 614, no. 11"
353,"Novae","Thracia (QE)","IS",552,562,2,,"Mihaylov 2014, 614, no. 12, 15"
354,"Onogur","Thracia (QE)","IS",552,562,2,,"Mihaylov 2014, 614, no. 13-14"
356,"Moesia II","Thracia (QE)","IS",552,562,2,,"Mihaylov 2014, 614, no. 17-18"
358,"Tsarevets","Thracia (QE)","IS",527,562,1,,"Mihaylov 2014, 614, no. 20"
359,"Carnuntum","Barbaricum","IS",538,552,1,,"Winter 2000, 53, no. 12"
360,"Carnuntum","Barbaricum","K",575,576,1,,"Winter 2000, no. 22"
361,"Baernbach-Mitterndorf","Barbaricum","M",518,527,1,,"Hahn, 1987, Die fundmunzen, 460."
362,"Bichvinta","Lazica","K",585,586,1,,"Tsukhishvili, 1977"
363,"Bichvinta","Lazica","K",602,602,1,,"Tsukhishvili, 1977"
364,"Bichvinta","Lazica","K",582,602,1,,"Tsukhishvili, 1977"
365,"Bratei","Barbaricum","IS",538,552,1,,"Mitrea 1969, 550, no. 64"
366,"Buzau","Barbaricum","K",572,573,1,,"Oberlander, Constantinescu, 319, no. 30"
367,"Buzau","Barbaricum","K",587,588,1,,"Oberlander, Constantinescu,"
368,"Corotna","Barbaricum","K",564,565,1,,"Nudelman, no. 160, pl. VI.10"
369,"Corotna","Barbaricum","K",573,574,1,,"Mussorov and Nosova, 2001-2002, 304-306, no. 1, fig. 4"
370,"Craiova","Barbaricum","K",588,589,1,,"Oberlander, Tranzitia, 133, n. 76"
371,"Cucorani","Barbaricum","K",574,575,1,,"Teodor, teritoriul, 23 and fig. 16/5"
372,"Banat","Barbaricum","K",567,568,2,,"Oberlander, La rascruce, 126, n. 44"
373,"Banat","Barbaricum","K",569,570,3,,"Oberlander, La rascruce, 126, n. 44"
374,"Banat","Barbaricum","K",574,575,2,,"Oberlander, La rascruce, 126, n. 44"
375,"Bucovina","Barbaricum","K",569,570,1,,"Gogu, Suceava 26-28, 1999-2001, 295, no. 14"
376,"Bucovina","Barbaricum","M",614,615,1,,"Gogu, Suceava 26-28, 1999-2001, 297, no. 30"
377,"Lazica","Lazica","IS",538,552,1,,"Abramishvili 1965"
378,"Lazica","Lazica","K",568,569,1,,"Abramishvili 1965"
379,"Lazica","Lazica","K",569,570,1,,"Abramishvili 1965"
380,"Lazica","Lazica","K",575,576,1,,"Abramishvili 1965"
381,"Transylvania","Barbaricum","K",575,576,1,,"Velter, Transilvania, 294, no. 98"
383,"Drobeta","Dacia","IS",552,562,1,,"Oberlander, Tranzitia, 68, n. 70"
384,"Drobeta","Dacia","IS",527,562,1,,"Oberlander, Tranzitia, 68, n. 70"
385,"Drobeta","Dacia","K",563,564,1,,"Oberlander, Tranzitia, 68, n. 70"
386,"Drobeta","Dacia","IS",527,562,1,,"Nicolae, BSNR 88-89, 1994-1995, 273, no. 35"
387,"Drobeta","Dacia","K",564,565,1,,"Oberlander, La rascruce, 124, n. 17"
388,"Drobeta","Dacia","K",567,568,1,,"Oberlander, La rascruce, 124, n. 17"
389,"Drobeta","Dacia","K",569,570,1,,"Oberlander, La rascruce, 124, n. 17"
390,"Drobeta","Dacia","K",570,571,1,,"Oberlander, La rascruce, 124, n. 17"
391,"Drobeta","Dacia","K",574,575,1,,"Oberlander, La rascruce, 124, n. 17"
392,"Drobeta","Dacia","K",575,576,1,,"Oberlander, La rascruce, 124, n. 17"
393,"Drobeta","Dacia","K",568,578,1,,"Oberlander, La rascruce, 124, n. 17"
394,"Drobeta","Dacia","K",582,583,1,,"Oberlander, La rascruce, 132, n. 70"
395,"Drobeta","Dacia","K",594,595,1,,"Oberlander, La rascruce, 132, n. 70"
396,"Drobeta","Dacia","K",595,596,1,,"Oberlander, La rascruce, 132, n. 70"
397,"Drobeta","Dacia","K",598,599,1,,"Oberlander, La rascruce, 132, n. 70"
398,"Drobeta","Dacia","K",583,584,1,,"Oberlander, La rascruce, 132, n. 70"
399,"Giurgita","Barbaricum","K",576,577,1,,"Butnariu, Raspandirea, 219, no. 66"
400,"Giurgita","Barbaricum","K",578,579,1,,"Butnariu, Raspandirea, 219, no. 67"
401,"Horga","Barbaricum","K",569,570,1,,"Butnariu, Raspandirea, 220, no. 73"
402,"Izmail","Barbaricum","K",518,527,1,,"Stoliarik, Essays, 134, no. 15"
403,"Kolked-Feketekapu","Barbaricum","IS",552,562,1,,"Somogyi, Byzantinische, 56-57, no. 40"
404,"Mircesti","Barbaricum","K",602,603,1,,"Butnariu, Raspandirea, 220, no. 82"
405,"Nokalakevi","Lazica","K",568,569,1,,"Abramishvili, Nokalakevisa, 278, no. 17"
406,"Orlea","Barbaricum","K",568,569,1,,"Butnariu, Raspandirea, 221, no. 94"
407,"Orolik","Dalmatia","K",581,582,1,,"Mirnik, Semrov, Byzantine, 185, no. 597"
408,"Dobrudja","Thracia (QE)","K",569,570,1,,"Mihailescu-Birliba, Mihai, 259, no. 3 and 258, fig. 4/3 (wrong date, 575-576) (Oteleni, IS); G. Manucu-Adamesteanu and E. Popusoi, ""Monede bizantine descoperite la est de Carpati,"" AM 23-24 (2000-2001): 351 (Dobrudja)"
409,"Poiana-Dulcesti","Barbaricum","IS",538,552,1,,"Butnariu, Raspandirea, 221, no. 116"
410,"Rancaciov","Barbaricum","K",610,611,1,,"Poenaru, Dicu, 79, no. 95"
411,"Schutzen am Gebirge","Barbaricum","K",591,592,1,,"Winter, Die byzantinischen, 344-345, no. 15"
412,"Sebes","Barbaricum","I",567,568,1,,"Fleser, Popa, Apulum 12, 1974, 296-298, no. 7 and fig. 1/6"
413,"Shevchenkivka","Barbaricum","K",584,585,1,,"Stoliarik, Essays, 139, no. 58"
414,"Sucidava","Thracia (QE)","IS",538,552,2,,"Vilcu, Nicolae 2010, 301, no. 10-11"
415,"Sucidava","Thracia (QE)","K",566,567,1,,"Vilcu, Nicolae 2010, 303, no. 23"
416,"Sucidava","Thracia (QE)","K",568,569,2,,"Butnariu, ""Rasp\EEndirea monedelor bizantine,"" 227, no. 26; Vilcu, Nicolae 2010, 303, no. 24"
417,"Sucidava","Thracia (QE)","K",569,570,3,,"Butnariu, ""Rasp\EEndirea monedelor bizantine,"" 227, no. 31; Vilcu, Nicolae 2010, 304, no. 25-26"
418,"Sucidava","Thracia (QE)","K",573,574,1,,"Butnariu, ""Rasp\EEndirea monedelor bizantine,"" 227, no. 35"
419,"Sucidava","Thracia (QE)","K",574,575,1,,"Vilcu, Nicolae 2010, 304, no. 27"
420,"Sucidava","Thracia (QE)","K",575,576,1,,"Vilcu, Nicolae 2010, 304, no. 28"
421,"Sucidava","Thracia (QE)","K",576,577,2,,"Vilcu, Nicolae 2010, 304, no. 29"
422,"Sucidava","Thracia (QE)","K",565,578,1,,"Butnariu, ""Rasp\EEndirea monedelor bizantine,"" 227, no. 44"
423,"Sucidava","Thracia (QE)","K",578,579,3,,"Vilcu, Nicolae 2010, 305, no. 31-33"
424,"Sucidava","Thracia (QE)","K",579,580,1,,"Vilcu, Nicolae 2010, 304, no. 34"
425,"Sucidava","Thracia (QE)","K",583,584,1,,"Vilcu, Nicolae 2010, 307, no. 48"
426,"Sucidava","Thracia (QE)","K",585,586,1,,"Vilcu, Nicolae 2010, 307, no. 49"
427,"Sucidava","Thracia (QE)","K",588,589,1,,"Butnariu, ""Rasp\EEndirea monedelor bizantine,"" 227, no. 57"
428,"Tiszakeszi","Barbaricum","K",568,569,1,,"Somogyi, Byzantinische, 285-286, no. 16"
429,"Oltenia","Barbaricum","IS",538,552,1,,"Oberlander, Tranzitia, 68, n. 70"
430,"Oltenia","Barbaricum","K",599,600,1,,"Oberlander, La rascruce, 133, n. 78"
431,"Oltenia","Barbaricum","Mil.",527,552,1,,"Preda, BSNR 86-87, 1992-1993, 123-124"
432,"Szegvar","Barbaricum","Sol.",616,617,1,,"Somogyi, Byzantinische, 87, no. 76"
433,"Sagalassos","Turkey","K",586,587,2,,"Sagalassos IV, 333-335, no. 263-264"
434,"Sagalassos","Turkey","K",577,578,1,,"Sagalassos V, 526, no. 370"
435,"Isparta Museum","Turkey","K",573,574,1,,"Zeliha PhD, 295, no. 984"
436,"Isparta Museum","Turkey","K",575,576,1,,"Zeliha PhD, 295, no. 985"
437,"Pisidian Antioch","Turkey","K",562,563,1,,"Zeliha, Yalvac, 59, no. 63"
438,"Pisidian Antioch","Turkey","K",563,564,2,,"Zeliha, Yalvac, 59, no. 64-65"
439,"Pisidian Antioch","Turkey","K",565,566,1,,"Zeliha, Yalvac, 67, no. 131"
440,"Pisidian Antioch","Turkey","K",567,568,2,,"Zeliha, Yalvac, 67, no. 132-133"
441,"Pisidian Antioch","Turkey","K",569,570,2,,"Zeliha, Yalvac, 67, no. 134; 130"
442,"Pisidian Antioch","Turkey","K",572,573,2,,"Zeliha, Yalvac, 67, no. 135-136"
443,"Pisidian Antioch","Turkey","K",573,574,1,,"Zeliha, Yalvac, 67, no. 137"
444,"Pisidian Antioch","Turkey","K",574,575,2,,"Zeliha, Yalvac, 67, no. 138-139"
445,"Pisidian Antioch","Turkey","K",577,578,1,,"Zeliha, Yalvac, 67, no. 140"
446,"Pisidian Antioch","Turkey","K",565,578,4,,"Zeliha, Yalvac, 67-68, no. 141-144"
447,"Pisidian Antioch","Turkey","K",591,592,1,,"Zeliha, Yalvac, 78, no. 247"
448,"Pisidian Antioch","Turkey","K",604,605,1,,"Zeliha, Yalvac, 83, no. 297"
449,"Pisidian Antioch","Turkey","K",586,587,1,,"Zeliha, Yalvac, 130, no. 940"
450,"Pisidian Antioch","Turkey","K",587,588,1,,"Zeliha, Yalvac, 130, no. 941"
451,"Pisidian Antioch","Turkey","K",565,602,5,,"Zeliha, Yalvac, 130, no. 939, 942-945"
452,"Melitene","Turkey","K",629,630,1,,"Zeliha, Malatya, 59-60, no. 251"
453,"Bolu","Turkey","K",569,570,1,,"Zeliha, Bolu, no. 47"
454,"Aezanitis","Turkey","K",564,565,1,,"Nash, Aezanitis, 1988, 198, no. 145 (Tes uncertain)"
455,"Ephesus","Turkey","E",568,578,1,,"Karwiese 1987, 124, no. 613"
456,"Ephesus","Turkey","K",586,587,1,,"Karwiese 1987, 124, no. 616"
457,"Ephesus","Turkey","K",604,605,1,,"Karwiese 1987, 129, no. 815"
458,"Ephesus","Turkey","K",574,578,1,,"Karwiese 1987, 154, no. 528"
459,"Ephesus","Turkey","K",571,572,1,,"Karwiese 1987, 154, no. 539"
460,"Ephesus","Turkey","K",563,564,1,,"Vetters 1981, 154, no. 23"
461,"Ephesus","Turkey","K",575,576,1,,"Karwiese 1989, 106, no. 4"
462,"Ephesus","Turkey","K",568,569,2,,"Karwiese 1989, 115, no. 306-307"
463,"Ephesus","Turkey","B",518,527,1,,"Karwiese 1989, 117, no. 349"
464,"Ephesus","Turkey","K",569,570,1,,"Milne 1925, 390, no. 152"
465,"Ephesus","Turkey","K",578,582,1,,"Milne 1925, 390, no. 155"
466,"Hierapolis","Turkey","K",568,569,1,,"Camilleri 2010, 136, no. 1006"
467,"Hierapolis","Turkey","K",569,570,1,,"Camilleri 2010, 136, no. 1007"
468,"Hierapolis","Turkey","K",575,576,1,,"Camilleri 2010, 137, no. 1013"
469,"Hierapolis","Turkey","K",582,583,1,,"Camilleri 2010, 138, no. 1026"
470,"Hierapolis","Turkey","K",586,587,1,,"Camilleri 2010, 139, no. 1030"
471,"Hierapolis","Turkey","K",591,592,1,,"Camilleri 2010, 139, no. 1034"
472,"Amasra Museum","Turkey","K",565,578,1,,"Ireland, 133, no. 272"
473,"Amasra Museum","Turkey","K",583,584,1,,"Ireland, 134, no. 283"
474,"Amasra Museum","Turkey","K",584,585,1,,"Ireland, 134, no. 284"
475,"Paphos (Saranda Kolones)","Cyprus","I",565,578,1,,"Metcalf 2003, 211, no. 3"
476,"Paphos (Saranda Kolones)","Cyprus","M",625,626,1,"TES uncertain","Metcalf 2003, 212, no. 20"
477,"Pergamum","Turkey","K",567,568,1,,"Morrisson 1993, 55, no. 767"
478,"Pergamum","Turkey","K",574,577,1,,"Morrisson 1993, 55, no. 768"
479,"Bolvadin Museum","Turkey","K",565,602,1,,"Ashton 2000, 184, no. 167"
480,"Perge","Turkey","K",565,578,1,,"Tekin 1991, 219, table 3"
481,"Perge","Turkey","K",582,602,1,,"Tekin 1991, 219, table 3"
482,"Pergamum","Turkey","K",565,578,1,,"Regling 1912, 359"
483,"Pergamum","Turkey","K",582,602,1,,"Regling 1912, 359"
484,"Priene","Turkey","K",565,578,2,,"Regling 1927, 185"
485,"Priene","Turkey","K",582,602,1,,"Regling 1927, 185"
486,"Salamis","Cyprus","K",584,585,2,,"Callot 2004, 48, no. 328-329"
487,"Salamis","Cyprus","K",589,590,1,,"Callot 2004, 48, no. 330"
488,"Salamis","Cyprus","K",591,592,1,,"Callot 2004, 49, no. 331"
489,"Salamis","Cyprus","K",593,594,1,,"Callot 2004, 49, no. 332"
490,"Salamis","Cyprus","K",601,602,1,,"Callot 2004, 49, no. 333"
491,"Salamis","Cyprus","K",582,602,1,,"Callot 2004, 49, no. 334"
492,"Salamis","Cyprus","I",593,602,1,,"Callot 2004, 49, no. 335"
493,"Salamis","Cyprus","M",612,623,3,,"Callot 2004, 71, no. 665-667"
494,"Salamis","Cyprus","M",622,623,1,,"Callot 2004, 71, no. 668"
495,"Salamis","Cyprus","M",629,630,3,,"Callot 2004, 71, no. 669, 671-672"
496,"Salamis","Cyprus","M",621,630,1,,"Callot 2004, 71, no. 670"
497,"Salamis","Cyprus","K",615,616,1,,"Callot 2004, 71, no. 673"
498,"Salamis","Cyprus","K",618,619,1,,"Callot 2004, 71, no. 674"
499,"Samos","Islands","M",622,623,2,,"Jantzen 2004, 156-157, no. 1034-1035"
500,"Samos","Islands","M",623,624,1,,"Jantzen 2004, 157, no. 1036"
501,"Samos","Islands","M",624,625,1,,"Jantzen 2004, 157, no. 1037"
502,"Samos","Islands","M",626,627,1,,"Jantzen 2004, 157, no. 1038"
503,"Samos","Islands","M",629,630,1,,"Jantzen 2004, 157, no. 1039"
504,"Samos","Islands","K",610,611,1,,"Jantzen 2004, 157, no. 1040"
505,"Samos","Islands","K",614,615,3,,"Jantzen 2004, 157, no. 1041-1043"
506,"Samos","Islands","K",616,617,2,,"Jantzen 2004, 157-158, no. 1044-1045"
507,"Samos","Islands","K",617,618,3,,"Jantzen 2004, 158, no. 1046-1048"
508,"Samos","Islands","K",613,620,1,,"Jantzen 2004, 158, no. 1049"
509,"Samos","Islands","K",618,619,2,,"Jantzen 2004, 158, no. 1050-1051"
510,"Samos","Islands","K",619,620,1,,"Jantzen 2004, 158, no. 1052"
511,"Samos","Islands","K",622,623,1,,"Jantzen 2004, 158, no. 1053"
512,"Samos","Islands","K",626,627,1,,"Jantzen 2004, 158, no. 1054"
513,"Sardis","Turkey","K",563,564,1,,"Bates 1971, 36, no. 217"
514,"Sardis","Turkey","K",562,565,1,,"Bates 1971, 36, no. 218"
515,"Sardis","Turkey","B",527,538,1,"perhaps Carthage","Bates 1971, 36, no. 222"
516,"Sardis","Turkey","K",565,570,2,,"Bates 1971, 54, no. 431-432"
517,"Sardis","Turkey","K",567,568,1,,"Bates 1971, 54, no. 427"
518,"Sardis","Turkey","K",568,569,4,,"Bates 1971, 54-55, no. 428, 433-435"
519,"Sardis","Turkey","K",569,570,4,,"Bates 1971, 54-55, no. 430, 436-438"
520,"Sardis","Turkey","K",572,573,1,,"Bates 1971, 55, no. 441"
521,"Sardis","Turkey","K",574,575,2,,"Bates 1971, 55, no. 442-443"
522,"Sardis","Turkey","K",577,578,1,,"Bates 1971, 54, no. 444"
523,"Sardis","Turkey","K",570,578,1,"overstruck IS","Bates 1971, 54, no. 445"
524,"Sardis","Turkey","K",579,579,2,,"Bates 1971, 64, no. 535-536"
525,"Sardis","Turkey","K",579,582,1,,"Bates 1971, 64, no. 537"
526,"Sardis","Turkey","K",569,579,1,,"Bates 1971, 66, no. 546"
527,"Sardis","Turkey","K",584,585,3,,"Bates 1971, 72, no. 615-617"
528,"Sardis","Turkey","K",586,587,2,,"Bates 1971, 72-73, no. 618-619"
529,"Sardis","Turkey","K",586,588,1,,"Bates 1971, 73, no. 620"
530,"Sardis","Turkey","K",588,589,1,,"Bates 1971, 73, no. 621"
531,"Sardis","Turkey","K",589,590,2,,"Bates 1971, 73, no. 622-623"
532,"Sardis","Turkey","K",593,594,1,,"Bates 1971, 73, no. 624"
533,"Sardis","Turkey","K",594,595,1,,"Bates 1971, 73, no. 625"
534,"Sardis","Turkey","K",595,596,1,,"Bates 1971, 73, no. 626"
535,"Sardis","Turkey","K",600,601,1,,"Bates 1971, 73, no. 628"
536,"Sardis","Turkey","K",583,602,3,,"Bates 1971, 73, no. 629-631"
537,"Sardis","Turkey","K",565,602,4,,"Bates 1971, 82, no. 712-715"
538,"Sardis","Turkey","K",602,604,2,,"Bates 1971, 89, no. 777-778"
539,"Sardis","Turkey","K",602,610,1,,"Bates 1971, 89, no. 779"
540,"Sardis","Turkey","K",614,615,2,,"Bates 1971, 104, no. 950-951"
541,"Sardis","Turkey","K",562,614,1,,"Bates 1971, 110, no. 1008"
542,"Sardis","Turkey","K",579,579,2,,"Bell 1916, 79, no. 661-662"
543,"Side","Turkey","K",568,569,2,,"Atlan 1976, 81, no. 401-402"
544,"Side","Turkey","K",571,572,1,,"Atlan 1976, 82, no. 403"
545,"Side","Turkey","K",574,575,2,,"Atlan 1976, 82, no. 404-405"
546,"Side","Turkey","K",613,615,1,,"Atlan 1976, 90, no. 502"
547,"Side","Turkey","K",614,615,1,,"Atlan 1976, 91, no. 503"
548,"Side","Turkey","K",619,620,1,,"Atlan 1976, 91, no. 504"
549,"Sinope","Turkey","IS",527,538,1,,"Casey 2010, 80, no. 890"
550,"Sinope","Turkey","K",565,578,1,,"Casey 2010, 81, no. 905"
551,"Amorium","Turkey","E",565,578,1,,"Lightfoot, 2012, 130, no. 89 (tes uncertain)"
552,"Amorium","Turkey","K",582,602,1,,"Lightfoot, 2012, 131, no. 100"
553,"Amorium","Turkey","M",613,618,1,,"Lightfoot, 2012, 133, no. 120 (tes uncertain)"
554,"Kaunos","Turkey","K",568,578,1,,"Cizmeli 2007, 43, no. 15"
555,"C-ple Sarachane","Turkey","K",565,566,1,,"Hendy 1986, 299, no. 211"
556,"C-ple Sarachane","Turkey","K",567,568,1,,"Hendy 1986, 299, no. 212"
557,"C-ple Sarachane","Turkey","K",583,584,1,,"Hendy 1986, 303, no. 244"
558,"C-ple Sarachane","Turkey","K",589,590,1,,"Hendy 1986, 303, no. 245"
559,"C-ple Sarachane","Turkey","K",591,592,1,,"Hendy 1986, 303, no. 246"
560,"C-ple Sarachane","Turkey","K",600,601,1,,"Hendy 1986, 303, no. 247"
561,"C-ple Sarachane","Turkey","K",602,604,1,,"Hendy 1986, 307, no. 285"
562,"C-ple Sarachane","Turkey","K",604,605,1,,"Hendy 1986, 307, no. 286"
563,"C-ple Sarachane","Turkey","K",616,617,1,,"Hendy 1986, 312, no. 326"
564,"C-ple Kalenderhane","Turkey","K",610,611,1,,"Hendy 2007, 221, no. 319"
565,"Ephesus","Turkey","K",564,565,1,,"Karwiese 1983, 136, no. 255"
566,"Gure","Turkey","K",626,627,1,,"Lenger 2010, 454, no. 10"
567,"Bursa Museum","Turkey","K",602,602,1,,"Okcu, 184"
568,"Allianoi","Turkey","K",567,568,1,,"Tekin 2014, 315, no. 539"
569,"Novae","Thracia (QE)","K",563,564,1,,"Dimitrov 2013, 39 No. 471"
570,"Novae","Thracia (QE)","K",564,565,1,,"Ciolek, Dyczek 2011, 170 No. 452"
572,"Novae","Thracia (QE)","K",568,569,1,,"Ciolek, Dyczek 2011, 170 No. 451 (as Justinian I)"
573,"Novae","Thracia (QE)","K",569,570,2,,"Ciolek, Dyczek 2011, 174 No. 467 (as unidentified); Dimitrov 2008, 418, no. 158"
574,"Novae","Thracia (QE)","K",574,575,5,,"Ciolek, Dyczek 2011, 172 No. 457"
575,"Novae","Thracia (QE)","K",580,581,1,,"Ciolek, Dyczek 2011, 172 No. 458 (as Justin ??)"
577,"Novae","Thracia (QE)","K",582,602,2,,"Dimitrov 2013, 39 No. 473 (as Justinian ?)"
579,"Kochovo","Thracia (QE)","M",518,527,1,,"Zhekova 2006, 69, no. 62"
580,"Provadia","Thracia (QE)","K",563,564,1,,"Lazarov 2001, 45, no. 22"
581,"Sadovets","Dacia","K",562,565,1,,"Mackensen 1992, 345, No. 6"
582,"Provadia","Thracia (QE)","I",562,565,1,,"Lazarov 2001, 46, no. 24"
583,"Teteven","Thracia (QE)","IS",552,562,1,,"Mihaylov 2014, 614, no. 16"
584,"Kovachevsko kale","Thracia (QE)","IS",527,562,1,,"Mihaylov 2014, 614, no. 19"
585,"Izvoarele","Thracia (QE)","IS",527,562,1,,"Mitrea 1966, 413"
589,"Provadia","Thracia (QE)","K",570,578,1,,"Lazarov 2001, 47"
590,"Gradishte (Gabrovo)","Thracia (QE)","K",567,568,2,,"Mihaylov, Iosifov 2012, 160, no. 124-125"
591,"Gradishte (Gabrovo)","Thracia (QE)","K",573,574,1,,"Mihaylov, Iosifov 2012, 160, no. 126"
592,"Gradishte (Gabrovo)","Thracia (QE)","K",574,577,1,,"Mihaylov, Iosifov 2012, 160, no. 127"
593,"Shumen","Thracia (QE)","K",568,569,3,,"Zhekova 2006, 76, 280-282"
594,"Sadovets","Dacia","K",570,571,1,,"Mackensen 1992, 342, no. 107"
595,"Sadovets","Dacia","K",573,574,2,,"Mackensen 1992, 342, no. 112-113"
596,"Sadovets","Dacia","K",575,576,1,,"Mackensen 1992, 342, no. 116"
597,"Sadovets","Dacia","K",565,578,1,,"Mackensen 1992, 342, no. 118"
598,"Fiseka","Thracia (QE)","K",568,569,1,,"Zhekova 2006, 79, no. 283"
599,"Shumen","Thracia (QE)","K",565,567,1,,"Zhekova 2006, 79, no. 279"
600,"Shumen","Thracia (QE)","K",562,565,1,,"Zhekova 2006, 76, no. 217"
601,"Shumen","Thracia (QE)","K",572,573,1,,"Zhekova 2006, 79, no. 286"
602,"Varna","Thracia (QE)","K",569,570,1,,"Mirchev 1953, 26"
603,"Storgosia (Kayluka)","Thracia (QE)","K",569,570,1,,"Kovacheva 2005, 74, no. 102"
604,"Iatrus","Thracia (QE)","K",569,570,1,,"Kluwe 1966, 411 No.87"
605,"Iatrus","Thracia (QE)","K",578,578,1,,"Schonert-Geiss 1991, 239 No.876"
606,"Shumen","Thracia (QE)","K",584,585,1,,"Zhekova 2006, 81, no. 314"
607,"Novae","Thracia (QE)","K",570,578,1,"overstruck","Dimitrov 2008, 418, no. 159"
608,"Moesia Secunda","Thracia (QE)","K",562,563,3,,"Info Stoyan Mihaylov"
609,"Moesia Secunda","Thracia (QE)","K",563,564,11,,"Info Stoyan Mihaylov"
610,"Moesia Secunda","Thracia (QE)","K",564,565,5,,"Info Stoyan Mihaylov"
611,"Moesia Secunda","Thracia (QE)","K",562,565,3,,"Info Stoyan Mihaylov"
612,"Moesia Secunda","Thracia (QE)","IS",527,538,1,,"Info Stoyan Mihaylov"
613,"Moesia Secunda","Thracia (QE)","D",527,562,1,,"Info Stoyan Mihaylov"
614,"Moesia Secunda","Thracia (QE)","K",565,566,2,,"Info Stoyan Mihaylov"
615,"Moesia Secunda","Thracia (QE)","K",565,570,2,,"Info Stoyan Mihaylov"
616,"Moesia Secunda","Thracia (QE)","K",566,567,6,,"Info Stoyan Mihaylov"
617,"Moesia Secunda","Thracia (QE)","K",567,568,8,,"Info Stoyan Mihaylov"
618,"Moesia Secunda","Thracia (QE)","K",568,569,27,,"Info Stoyan Mihaylov"
619,"Moesia Secunda","Thracia (QE)","K",569,570,29,,"Info Stoyan Mihaylov"
620,"Moesia Secunda","Thracia (QE)","K",570,571,3,,"Info Stoyan Mihaylov"
621,"Moesia Secunda","Thracia (QE)","K",572,573,7,,"Info Stoyan Mihaylov"
622,"Moesia Secunda","Thracia (QE)","K",573,574,2,,"Info Stoyan Mihaylov"
623,"Moesia Secunda","Thracia (QE)","K",574,575,45,,"Info Stoyan Mihaylov"
624,"Moesia Secunda","Thracia (QE)","K",576,577,11,,"Info Stoyan Mihaylov"
625,"Moesia Secunda","Thracia (QE)","K",577,578,1,,"Info Stoyan Mihaylov"
626,"Moesia Secunda","Thracia (QE)","K",565,578,5,,"Info Stoyan Mihaylov"
627,"Moesia Secunda","Thracia (QE)","K",569,573,1,,"Info Stoyan Mihaylov"
628,"Fiseka","Thracia (QE)","K",569,570,2,,"Zhekova 2006, no. 284-285"
629,"Moesia Secunda","Thracia (QE)","K",569,571,1,,"Info Stoyan Mihaylov"
630,"Moesia Secunda","Thracia (QE)","K",575,576,11,,"Info Stoyan Mihaylov"
631,"Metodievo","Thracia (QE)","K",569,570,1,,"Zhekova 2006, no. 287"
632,"Preslav","Thracia (QE)","K",574,575,1,,"Zhekova 2006, no. 288"
633,"Dragoevo","Thracia (QE)","K",575,576,1,,"Zhekova 2006, no. 289"
634,"Moesia Secunda","Thracia (QE)","K",574,578,1,,"Info Stoyan Mihaylov"
635,"Moesia Secunda","Thracia (QE)","K",570,578,11,,"Info Stoyan Mihaylov"
636,"Moesia Secunda","Thracia (QE)","K",568,578,1,,"Info Stoyan Mihaylov"
637,"Moesia Secunda","Thracia (QE)","K",578,579,6,,"Info Stoyan Mihaylov"
638,"Moesia Secunda","Thracia (QE)","K",579,580,1,,"Info Stoyan Mihaylov"
639,"Moesia Secunda","Thracia (QE)","K",578,582,1,,"Info Stoyan Mihaylov"
640,"Moesia Secunda","Thracia (QE)","K",582,583,1,,"Info Stoyan Mihaylov"
641,"Moesia Secunda","Thracia (QE)","K",583,584,5,,"Info Stoyan Mihaylov"
642,"Moesia Secunda","Thracia (QE)","K",584,585,2,,"Info Stoyan Mihaylov"
643,"Moesia Secunda","Thracia (QE)","K",585,586,2,,"Info Stoyan Mihaylov"
644,"Moesia Secunda","Thracia (QE)","K",586,587,4,,"Info Stoyan Mihaylov"
645,"Moesia Secunda","Thracia (QE)","K",582,586,1,,"Info Stoyan Mihaylov"
646,"Moesia Secunda","Thracia (QE)","K",582,588,1,,"Info Stoyan Mihaylov"
647,"Moesia Secunda","Thracia (QE)","K",589,590,1,,"Info Stoyan Mihaylov"
648,"Moesia Secunda","Thracia (QE)","K",591,592,2,,"Info Stoyan Mihaylov"
649,"Moesia Secunda","Thracia (QE)","K",592,593,1,,"Info Stoyan Mihaylov"
650,"Moesia Secunda","Thracia (QE)","K",593,594,1,,"Info Stoyan Mihaylov"
651,"Moesia Secunda","Thracia (QE)","K",582,602,1,,"Info Stoyan Mihaylov"
652,"Provadia","Thracia (QE)","K",578,579,1,,"Lazarov 2001, 48"
653,"Provadia","Thracia (QE)","K",582,583,1,,"Lazarov 2001, 49, no. 33"
654,"Provadia","Thracia (QE)","K",586,587,1,,"Lazarov 2001, 49, no. 34"
655,"Provadia","Thracia (QE)","K",588,589,1,,"Lazarov 2001, 49, no. 35"
656,"Pisidian Antioch","Turkey","K",565,578,2,,"Sancaktar 2014, 520, table 3"
657,"Odemis Museum","Turkey","K",568,569,1,,"Unal 2012, 47, no. 32"
658,"Efes Museum","Turkey","K",574,575,1,,"Unal 2012, 47-48, no. 33"
659,"Edirne","Turkey","K",568,569,1,,"Cantay 2008, 44, no. 10"
660,"Edirne","Turkey","K",574,575,1,,"Cantay 2008, 45, no. 12"
661,"Edirne","Turkey","K",575,576,1,,"Cantay 2008, 45, no. 13"
662,"Kalenderis","Turkey","K",574,575,1,,"Oyarcin 2010, 55-56, no. 10"
663,"Kutahya","Turkey","K",562,563,2,,"Zeliha, 26, no. 115-116"
664,"Kutahya","Turkey","K",567,568,1,,"Zeliha, no. 199"
665,"Kutahya","Turkey","K",569,570,3,,"Zeliha, no. 200-202"
666,"Kutahya","Turkey","K",577,578,1,,"Zeliha, no. 203"
667,"Manisa Museum","Turkey","K",573,574,1,,"Unal 2012, 39-40, no. 64"
668,"Yapi Credi","Turkey","K",569,570,1,,"Tekin 1999, no. 68"
669,"Yapi Credi","Turkey","K",573,574,1,,"Tekin 1999, no. 69"
670,"Ainos","Turkey","K",569,570,1,,"Yagiz, 1998, 105, no. 307"
671,"Ainos","Turkey","K",574,575,1,,"Yagiz, 1998, 105, no. 308"
672,"Ainos","Turkey","K",614,615,1,,"Yagiz, 1998, 107, no. 313"
674,"Pazardzhik Museum","Thracia","K",562,563,1,,"Tenchova 2015, 160, no. 808"
675,"Shtarkovo","Thracia","K",563,564,1,,"Tenchova 2015, 160, no. 809"
676,"Malo Konare","Thracia","K",563,564,1,,"Tenchova 2015, 160, no. 810"
677,"Patalenitsa","Thracia","K",564,565,1,,"Tenchova 2015, 160, no. 811"
678,"Tsepina","Thracia","K",568,569,1,,"Tenchova 2015, 160, no. 813"
679,"Pazardzhik Museum","Thracia","K",567,568,1,,"Tenchova 2015, 160, no. 814"
680,"Pazardzhik Museum","Thracia","K",569,570,1,,"Tenchova 2015, 160-162, no. 817"
681,"Tsepina","Thracia","K",571,572,1,,"Tenchova 2015, 162, no. 822"
682,"Pazardzhik Museum","Thracia","K",574,575,1,,"Tenchova 2015, 162-164, no. 825"
683,"Caricin Grad","Dacia","K",518,527,1,,"Ivanisevic 2010, 46, no. 3"
684,"Caricin Grad","Dacia","IS",538,552,1,,"Ivanisevic 2010, 46, no. 7"
685,"Caricin Grad","Dacia","IS",538,562,1,,"Ivanisevic 2010, 46, no. 8"
686,"Caricin Grad","Dacia","H",538,552,1,,"Ivanisevic 2010, 47, no. 9"
687,"Caricin Grad","Dacia","K",566,567,1,,"Ivanisevic 2010, 47, no. 10"
688,"Caricin Grad","Dacia","K",568,569,3,,"Ivanisevic 2010, 47, no. 11-13"
689,"Caricin Grad","Dacia","K",569,570,5,,"Ivanisevic 2010, 48, no. 14-18"
690,"Caricin Grad","Dacia","K",569,576,1,,"Ivanisevic 2010, 48, no. 19"
691,"Karasura","Thracia","K",565,578,7,,"Minkova 2011, 63, table 2"
692,"Harmanly","Thracia","K",563,564,1,,"Tenchova 2011, 107, no. 27"
693,"Odurtsi","Thracia (QE)","K",563,564,1,,"Torbatov 2002, 109, no. 58"
694,"Sliven","Thracia","K",567,568,3,,"Vladimirova, 2001, 101"
695,"Aquis","Dacia","K",518,527,1,,"Jankovic 1981, 66, table 3"
696,"Aquis","Dacia","K",562,565,2,"K, 538-550 (sic)","Jankovic 1981, 66, table 3"
697,"Aquis","Dacia","I",562,565,2,,"Jankovic 1981, 66, table 3"
698,"Aquis","Dacia","IS",527,562,13,"all 527-538 unlikely","Jankovic 1981, 66, table 3"
699,"Aquis","Dacia","K",565,578,59,"peaks 570 and 575","Jankovic 1981, 66, table 3"
700,"Aquis","Dacia","K",578,582,2,,"Jankovic 1981, 66, table 3"
701,"Aquis","Dacia","K",582,602,3,,"Jankovic 1981, 66, table 3"
702,"Beroe (BG)","Thracia","K",562,565,1,,"Minkova 2004, 96"
703,"Beroe (BG)","Thracia","K",565,578,5,,"Minkova 2004, 96"
704,"Beroe (BG)","Thracia","K",602,610,3,,"Minkova 2004, 96"
705,"Lovech","Thracia","IS",552,562,1,,"Lazarov 1991, 17-18, no. 6"
706,"Kaliakra","Thracia (QE)","K",586,587,1,"overstruck IS","Lazarov 1991, 18, no. 7=Parushev 1991, 28, no. 142"
707,"Kaliakra","Thracia (QE)","I",562,565,1,,"Parushev 1991, 27, no. 101"
708,"Kaliakra","Thracia (QE)","K",568,569,1,,"Parushev 1991, 28, no. 123"
709,"Kaliakra","Thracia (QE)","K",573,574,1,,"Parushev 1991, 28, no. 124"
710,"Kaliakra","Thracia (QE)","K",576,577,1,,"Parushev 1991, 28, no. 125"
711,"Kaliakra","Thracia (QE)","K",565,578,1,,"Parushev 1991, 28, no. 126"
712,"Kaliakra","Thracia (QE)","K",580,581,1,,"Parushev 1991, 29, no. 131"
713,"Germania","Dacia","K",570,571,1,,"Filipova 2001, 58, no. 40"
714,"Kaliakra","Thracia (QE)","K",587,588,1,,"Parushev 1991, 28, no. 143"
715,"Kaliakra","Thracia (QE)","K",589,590,1,,"Parushev 1991, 29, no. 144"
716,"Kaliakra","Thracia (QE)","K",592,593,1,,"Parushev 1991, 29, no. 145"
717,"Kaliakra","Thracia (QE)","K",582,602,2,,"Parushev 1991, 29, no. 146-147"
718,"Storgosia","Thracia (QE)","K",569,570,2,,"Kovacheva 2005, 74, no. 102"
719,"Mesembria","Thracia","K",576,577,1,"dated 538/9 (sic)","Theoklieva 2001, 42, no. 10"
720,"Sofia-Lozenets","Dacia","IS",527,562,8,,"Bozhkova 2004, 78, table 2"
721,"Sofia-Lozenets","Dacia","K",564,565,1,,"Bozhkova 2004, 78, table 2"
722,"Sofia-Lozenets","Dacia","K",566,567,1,,"Bozhkova 2004, 78, table 2"
723,"Akhtopol","Thracia","H",527,562,1,,"Iordanov 1998, 71, table 3"
724,"Sofia-Lozenets","Dacia","K",572,573,1,,"Bozhkova 2004, 78, table 2"
725,"Sofia-Lozenets","Dacia","K",573,574,1,,"Bozhkova 2004, 78, table 2"
726,"Akhtopol","Thracia","K",562,565,2,,"Iordanov 1998, 71, table 3"
727,"Sofia-Lozenets","Dacia","K",565,578,1,,"Bozhkova 2004, 78, table 2"
728,"Akhtopol","Thracia","K",582,602,1,,"Iordanov 1998, 73, table 6"
729,"Sofia-Lozenets","Dacia","K",593,594,1,,"Bozhkova 2004, 78, table 2"
730,"Sofia-Lozenets","Dacia","K",604,605,1,,"Bozhkova 2004, 78, table 2"
731,"Dionysopolis","Thracia (QE)","K",562,563,1,,"Dimitrov 1982, 37, no. III/1"
732,"Dionysopolis","Thracia (QE)","K",575,576,1,,"Dimitrov 1982, 38, no. IV/2"
733,"Dionysopolis","Thracia (QE)","K",562,565,1,,"Dimitrov 1982, 38, no. III/2"
734,"Dionysopolis","Thracia (QE)","K",573,574,1,,"Dimitrov 1982, 38, no. IV/2"
735,"Belgrade Museun","Dacia","M",522,527,1,,"Radic, Ivanisevic 2006, 104, no. 203"
736,"Belgrade Museun","Dacia","IS",538,552,4,,"Radic, Ivanisevic 2006, 122, no. 334-337"
737,"Belgrade Museun","Dacia","IS",552,562,9,,"Radic, Ivanisevic 2006, 122, no. 338-345"
738,"Belgrade Museun","Dacia","H",538,552,1,,"Radic, Ivanisevic 2006, 122, no. 347"
739,"Belgrade Museun","Dacia","H",552,562,3,,"Radic, Ivanisevic 2006, 122, no. 348-350"
740,"Belgrade Museun","Dacia","D",527,538,1,,"Radic, Ivanisevic 2006, 122, no. 351"
741,"Belgrade Museun","Dacia","K",563,564,2,,"Radic, Ivanisevic 2006, 122, no. 352-353"
742,"Belgrade Museun","Dacia","K",564,565,1,,"Radic, Ivanisevic 2006, 122, no. 354"
743,"Belgrade Museun","Dacia","K",565,566,1,,"Radic, Ivanisevic 2006, 132, no. 412"
744,"Belgrade Museun","Dacia","K",567,568,3,,"Radic, Ivanisevic 2006, 132, no. 413-415"
745,"Belgrade Museun","Dacia","K",569,570,18,,"Radic, Ivanisevic 2006, 132, no. 416-433"
746,"Belgrade Museun","Dacia","K",571,572,2,,"Radic, Ivanisevic 2006, 132, no. 434-435"
747,"Belgrade Museun","Dacia","K",573,574,3,,"Radic, Ivanisevic 2006, 134, no. 436-438"
748,"Belgrade Museun","Dacia","K",574,575,13,,"Radic, Ivanisevic 2006, 134, no. 439-451"
749,"Belgrade Museun","Dacia","K",575,576,1,,"Radic, Ivanisevic 2006, 134, no. 452"
750,"Belgrade Museun","Dacia","K",576,577,1,,"Radic, Ivanisevic 2006, 134, no. 453"
751,"Belgrade Museun","Dacia","K",568,576,4,,"Radic, Ivanisevic 2006, 134, no. 454-457"
752,"Belgrade Museun","Dacia","K",578,579,1,,"Radic, Ivanisevic 2006, 136, no. 469"
753,"Belgrade Museun","Dacia","K",580,581,1,,"Radic, Ivanisevic 2006, 136, no. 470"
754,"Belgrade Museun","Dacia","K",578,582,1,,"Radic, Ivanisevic 2006, 136, no. 471"
755,"Belgrade Museun","Dacia","K",582,583,1,,"Radic, Ivanisevic 2006, 140, no. 490"
756,"Belgrade Museun","Dacia","K",583,584,9,,"Radic, Ivanisevic 2006, 140, no. 491-499"
757,"Belgrade Museun","Dacia","K",593,594,1,,"Radic, Ivanisevic 2006, 140, no. 500"
758,"Zagreb Museum","Dalmatia","M",518,527,3,,"Mirnik, Semrov 1997-1998, 148, no. 69-71"
759,"Zagreb Museum","Dalmatia","D",527,538,1,,"Mirnik, Semrov 1997-1998, 155, no. 165"
760,"Zagreb Museum","Dalmatia","IS",538,552,5,,"Mirnik, Semrov 1997-1998, 155-156, no. 166, 169-170; 180-181"
761,"Zagreb Museum","Dalmatia","IS",552,562,5,,"Mirnik, Semrov 1997-1998, 155-156, no. 172, 174, 176-178"
762,"Zagreb Museum","Dalmatia","K",562,565,1,,"Mirnik, Semrov 1997-1998, 156, 182"
763,"Zagreb Museum","Dalmatia","K",563,564,3,,"Mirnik, Semrov 1997-1998, 156, 183-185"
764,"Dobrudja","Thracia (QE)","K",566,567,1,,"Mirnik, Semrov 1997-1998, 178, no. 504"
766,"Zagreb Museum","Dalmatia","K",566,567,1,,"Mirnik, Semrov 1997-1998, 178, no. 505"
767,"Zagreb Museum","Dalmatia","K",567,568,2,,"Mirnik, Semrov 1997-1998, 179, no. 506-507"
768,"Zagreb Museum","Dalmatia","K",568,569,6,,"Mirnik, Semrov 1997-1998, 179, no. 509-514"
769,"Zagreb Museum","Dalmatia","K",569,570,7,,"Mirnik, Semrov 1997-1998, 179-180, no. 515-518, 521-523"
770,"Zagreb Museum","Dalmatia","K",570,571,3,,"Mirnik, Semrov 1997-1998, 180, no. 525, 527-528"
771,"Zagreb Museum","Dalmatia","K",571,572,5,,"Mirnik, Semrov 1997-1998, 180, no. 529-533"
772,"Zagreb Museum","Dalmatia","K",572,573,1,,"Mirnik, Semrov 1997-1998, 180, no. 534"
773,"Zagreb Museum","Dalmatia","K",573,574,1,,"Mirnik, Semrov 1997-1998, 180, no. 535"
774,"Zagreb Museum","Dalmatia","K",574,575,6,,"Mirnik, Semrov 1997-1998, 181, no. 536, 538-541, 543"
775,"Zagreb Museum","Dalmatia","K",575,576,1,,"Mirnik, Semrov 1997-1998, 181, no. 544"
776,"Zagreb Museum","Dalmatia","K",577,578,1,,"Mirnik, Semrov 1997-1998, 181, no. 545"
777,"Zagreb Museum","Dalmatia","K",578,579,1,,"Mirnik, Semrov 1997-1998, 185, no. 596"
779,"Dobrudja","Thracia (QE)","K",591,592,1,,"Mirnik, Semrov 1997-1998, 188, no. 633"
781,"Zagreb Museum","Dalmatia","K",588,589,3,,"Mirnik, Semrov 1997-1998, 188, no. 629-631"
782,"Zagreb Museum","Dalmatia","K",591,592,1,,"Mirnik, Semrov 1997-1998, 188, no. 632"
783,"Zagreb Museum","Dalmatia","K",592,593,1,,"Mirnik, Semrov 1997-1998, 188, no. 634"
784,"Zagreb Museum","Dalmatia","K",603,604,1,,"Mirnik, Semrov 1997-1998, 192, no. 680"
785,"Zagreb Museum","Dalmatia","K",604,610,1,,"Mirnik, Semrov 1997-1998, 192, no. 681-682"
786,"Zagreb Museum","Dalmatia","K",605,610,1,,"Mirnik, Semrov 1997-1998, 193, no. 683"
787,"Athens","Achaia","K",563,565,8,,"Thompson 1954, 67, no. 1754"
788,"Athens","Achaia","K",565,578,108,,"Thompson 1954, 68, no. 1773"
789,"Athens","Achaia","K",578,582,9,,"Thompson 1954, 69, no. 1785"
790,"Athens","Achaia","K",584,597,9,,"Thompson 1954, 69, no. 1791"
791,"Athens","Achaia","M",605,607,5,,"Thompson 1954, 69, no. 1797"
792,"Athens","Achaia","K",602,603,1,,"Thompson 1954, 69, no. 1799"
793,"Athens","Achaia","K",603,610,7,,"Thompson 1954, 69, no. 1798"
794,"Athens","Achaia","M",614,618,20,,"Thompson 1954, 70, no. 1809a"
795,"Athens","Achaia","M",623,629,6,,"Thompson 1954, 70, no. 1809b"
796,"Athens","Achaia","K",611,613,2,,"Thompson 1954, 70, no. 1810"
797,"Athens","Achaia","K",614,620,13,,"Thompson 1954, 70, no. 1811"
798,"Antikyra","Achaia","IS",538,552,1,,"Tsourti 204, 126"
799,"Antikyra","Achaia","K",565,566,1,,"Tsourti 204, 126"
800,"Antikyra","Achaia","K",582,602,1,,"Tsourti 204, 126"
801,"Corinth","Achaia","K",569,570,1,,"Bellinger 1930, 46, no. 7"
802,"Corinth","Achaia","K",567,578,1,,"Bellinger 1930, 46, no. 8"
803,"Corinth","Achaia","K",574,575,1,,"Bellinger 1930, 46, no. 9"
804,"Corinth","Achaia","K",603,610,1,,"Bellinger 1930, 48, no. 1"
805,"Corinth","Achaia","IS",552,562,1,,"Edwards 1933, 123, no. 17"
806,"Corinth","Achaia","K",566,567,1,,"Edwards 1933, 125, no. 30"
807,"Corinth","Achaia","K",568,569,1,,"Edwards 1933, 126, no. 31"
808,"Corinth","Achaia","K",569,570,10,,"Edwards 1933, 126, no. 31"
809,"Corinth","Achaia","K",570,571,1,,"Edwards 1933, 126, no. 31"
810,"Corinth","Achaia","K",571,572,1,,"Edwards 1933, 126, no. 31"
811,"Corinth","Achaia","K",572,573,1,,"Edwards 1933, 126, no. 31"
812,"Corinth","Achaia","K",573,574,2,,"Edwards 1933, 126, no. 31"
813,"Corinth","Achaia","K",574,575,8,,"Edwards 1933, 126, no. 31"
814,"Corinth","Achaia","K",575,576,5,,"Edwards 1933, 126, no. 31"
815,"Corinth","Achaia","K",576,577,2,,"Edwards 1933, 126, no. 31"
816,"Corinth","Achaia","K",567,578,8,,"Edwards 1933, 126, no. 31"
817,"Corinth","Achaia","K",582,583,1,,"Edwards 1933, 128, no. 44"
818,"Corinth","Achaia","K",578,579,3,,"Edwards 1933, 128, no. 45"
819,"Corinth","Achaia","K",580,581,1,,"Edwards 1933, 128, no. 45"
820,"Corinth","Achaia","K",583,584,1,,"Edwards 1933, 129, no. 51"
821,"Corinth","Achaia","K",584,585,1,,"Edwards 1933, 129, no. 51"
822,"Corinth","Achaia","K",602,602,1,,"Edwards 1933, 129, no. 51"
823,"Corinth","Achaia","K",582,602,1,,"Edwards 1933, 129, no. 51"
824,"Corinth","Achaia","K",603,610,6,,"Edwards 1933, 130, no. 56"
825,"Corinth","Achaia","M",614,615,1,,"Edwards 1933, 131, no. 64"
826,"Corinth","Achaia","K",614,615,1,,"Edwards 1933, 132, no. 65"
827,"Corinth","Achaia","K",562,563,1,,"Fisher 1984, 245, no. 418"
828,"Corinth","Achaia","K",602,603,1,,"Fisher 1984, 245, no. 435"
829,"Corinth","Achaia","K",604,605,1,,"Fisher 1984, 245, no. 436"
830,"Corinth","Achaia","K",568,569,1,,"Zervos 1986, 199, no. 191"
831,"Durres Museum","Macedonia","M",522,527,1,,"Hoti, Myrto 1991, 95, no. 14"
832,"Durres Museum","Macedonia","K",518,527,1,,"Hoti, Myrto 1991, 95, no. 15"
833,"Durres Museum","Macedonia","IS",538,552,1,,"Hoti, Myrto 1991, 96-97, no. 20"
834,"Durres Museum","Macedonia","D",538,552,1,,"Hoti, Myrto 1991, 96, no. 21"
835,"Durres Museum","Macedonia","K",596,597,1,"attributed 541/2","Hoti, Myrto 1991, 95, no. 18"
836,"Durres Museum","Macedonia","K",562,565,1,"dated 548/9","Hoti, Myrto 1991, 95, no. 19"
837,"Durres Museum","Macedonia","K",566,567,1,,"Hoti, Myrto 1991, 100, no. 37"
838,"Durres Museum","Macedonia","K",569,570,1,,"Hoti, Myrto 1991, 100, no. 38"
839,"Durres Museum","Macedonia","K",570,571,2,,"Hoti, Myrto 1991, 100-101, no. 39-40"
840,"Durres Museum","Macedonia","K",574,575,1,,"Hoti, Myrto 1991, 101, no. 41"
841,"Durres Museum","Macedonia","I",565,566,1,,"Hoti, Myrto 1991, 101, no. 42"
842,"Durres Museum","Macedonia","K",578,579,1,,"Hoti, Myrto 1991, 101, no. 44"
843,"Durres Museum","Macedonia","M",629,630,1,,"Hoti, Myrto 1991, 103, no. 52"
844,"Lin","Macedonia","K",563,564,1,,"Spahiu 1979-1980, 375, no. 152"
845,"Korce","Macedonia","IS",538,552,2,"found in the fortress at Trajanit","Spahiu 1979-1980, 376, no. 159, 166"
846,"Lin","Macedonia","IS",538,552,2,"found in 1968 during the harvest, possible hoard","Spahiu 1979-1980, 376, no. 160, 164"
847,"Lin","Macedonia","IS",552,562,1,"found in 1968 during the harvest, possible hoard","Spahiu 1979-1980, 376, no. 161"
848,"Shkodra","Dacia","IS",538,552,2,,"Spahiu 1979-1980, 376, no. 162-163"
849,"Pogradec","Macedonia","IS",538,552,3,"two from excavation 1969, 1973","Spahiu 1979-1980, 376-377, no. 165, 168, 170"
850,"Pogradec","Macedonia","IS",552,562,1,"excavation 1969","Spahiu 1979-1980, 377, no. 167"
851,"Lin","Macedonia","IS",552,562,1,,"Spahiu 1979-1980, 377, no. 169"
852,"Belsh","Macedonia","IS",538,552,1,,"Spahiu 1979-1980, 377, no. 171"
853,"Tirana Museum","Macedonia","K",568,569,4,,"Spahiu 1979-1980, 378, no. 178-181"
854,"Tirana Museum","Macedonia","K",574,575,7,,"Spahiu 1979-1980, 379-380, no. 189-192, 194-195, 210"
855,"Durres","Macedonia","K",574,575,1,,"Spahiu 1979-1980, 379, no. 193"
856,"Shkodra","Dacia","K",569,570,1,,"Spahiu 1979-1980, 379-380, no. 196"
857,"Tirana Museum","Macedonia","K",569,570,5,,"Spahiu 1979-1980, 380, no. 197-199, 207, 209"
858,"Arre-Molle","Macedonia","K",569,570,1,,"Spahiu 1979-1980, 380, no. 200"
859,"Tirana Museum","Macedonia","K",572,573,1,,"Spahiu 1979-1980, 380, no. 201"
860,"Saranda","Macedonia","K",572,573,1,,"Spahiu 1979-1980, 380, no. 202"
861,"Pogradec","Macedonia","K",565,578,1,,"Spahiu 1979-1980, 380, no. 204"
862,"Pogradec","Macedonia","K",569,570,2,,"Spahiu 1979-1980, 380-381, no. 203, 211"
863,"Tirana Museum","Macedonia","K",571,572,1,,"Spahiu 1979-1980, 380, no. 205"
864,"Tirana Museum","Macedonia","K",565,578,1,,"Spahiu 1979-1980, 380, no. 206"
865,"Lis","Dacia","K",565,578,1,,"Spahiu 1979-1980, 380, no. 208"
866,"Butrint","Macedonia","K",567,568,1,,"Spahiu 1979-1980, 381, no. 217"
867,"Tirana Museum","Macedonia","K",582,602,1,,"Spahiu 1979-1980, 382, no. 220"
868,"Shkodra","Dacia","M",605,610,1,,"Spahiu 1979-1980, 382, no. 224"
869,"Shkodra","Dacia","K",603,604,1,,"Spahiu 1979-1980, 382, no. 226"
870,"Butrint","Macedonia","K",602,603,1,,"Spahiu 1979-1980, 383, no. 229"
871,"Tirana Museum","Macedonia","K",603,604,1,,"Spahiu 1979-1980, 383, no. 230"
872,"Abu Mina","Egypt","IS",527,562,1,,"Noeske 2000, 129, no. 2402"
873,"Abu Mina","Egypt","B",527,538,6,"DOC 102 may be Carthage","Noeske 2000, 129, no. 2403-2408"
874,"Salamis-Constantia","Cyprus","K",582,602,1,,"Noeske 2000, 442, no. 28"
875,"Barbalissus","Syria","K",565,602,1,,"Hennequin, Abu-l-Faraj 1978, 7, no. 59"
876,"Barbalissus","Syria","K",578,579,1,,"Hennequin, Abu-l-Faraj 1978, 7, no. 57"
877,"Caesarea Maritima","Palestine","B",518,538,4,,"Noeske 2000, 581, no. 190-193"
878,"Caesarea Maritima","Palestine","K",619,620,1,,"Ariel 1986, 143, no. 82"
879,"Nessana","Palestine","K",582,583,1,,"Bellinger 1962, 73, no. 107"
880,"Nessana","Palestine","K",586,588,1,,"Bellinger 1962, 73, no. 108"
881,"Mesopotamia","Syria","K",588,589,1,,"Prawdzic-Golemberski, Metcalf 1963"
882,"Antioch","Syria","K",563,564,1,,"Waage 1952, 154, no. 2123"
883,"Antioch","Syria","K",564,565,1,,"Waage 1952, 154, no. 2123"
884,"Antioch","Syria","E",565,578,1,,"Waage 1952, 156, no. 2153"
885,"Antioch","Syria","K",582,583,2,,"Waage 1952, 158, no. 2179"
886,"Antioch","Syria","K",565,566,1,,"Waage 1952, 157, no. 2157"
887,"Antioch","Syria","K",568,569,4,"one double struck","Waage 1952, 157, no. 2157, 2158"
888,"Antioch","Syria","K",586,587,1,,"Waage 1952, 157, no. 2157"
889,"Antioch","Syria","K",569,570,2,,"Waage 1952, 157, no. 2158"
890,"Antioch","Syria","K",574,575,2,,"Waage 1952, 157, no. 2158"
891,"Antioch","Syria","K",575,576,1,,"Waage 1952, 157, no. 2158"
892,"Antioch","Syria","K",577,578,1,,"Waage 1952, 157, no. 2158"
893,"Antioch","Syria","K",576,578,1,,"Waage 1952, 157, no. 2158"
894,"Antioch","Syria","K",578,579,2,,"Waage 1952, 159, no. 2181"
895,"Antioch","Syria","K",580,581,1,,"Waage 1952, 159, no. 2181"
896,"Antioch","Syria","K",583,584,1,,"Waage 1952, 160, no. 2190"
897,"Antioch","Syria","K",584,585,2,"overstruck","Waage 1952, 160, no. 2190"
898,"Antioch","Syria","K",587,588,1,,"Waage 1952, 160, no. 2190"
899,"Antioch","Syria","K",589,590,1,,"Waage 1952, 160, no. 2190"
900,"Antioch","Syria","K",591,592,1,,"Waage 1952, 160, no. 2190"
901,"Antioch","Syria","K",601,602,1,,"Waage 1952, 160, no. 2190"
902,"Antioch","Syria","K",619,620,1,,"Waage 1952, 163, no. 2224"
903,"Antioch","Syria","K",565,602,8,,"Waage 1952, 164, no. 2235"
904,"Trogir","Dalmatia","K",573,574,1,,"Delonga 1985, 101, no. 23"
905,"Kalyva","Macedonia","IS",538,562,1,,"Georganteli, 2006, 313"
906,"Heracleion","Crete","IS",538,552,1,,"Metcalf 1976, 40, no. 126"
907,"Mesembria","Thracia","IS",527,538,1,,"Tenchova 2013, 282, table 3"
908,"Mesembria","Thracia","K",564,565,1,,"Tenchova 2013, 282, table 3"
909,"Mesembria","Thracia","K",572,573,1,,"Tenchova 2013, 282, table 3"
910,"Mesembria","Thracia","M",613,615,1,,"Tenchova 2013, 283, table 3"
911,"Isle of Wight","Barbaricum","IS",538,552,1,,"Moorhead 2009, 270, no. 20"
912,"Naxos","Islands","K",569,570,1,,"Pennas 2010, 140"
913,"Santorini","Islands","K",587,588,1,,"Pennas 2010, 146"
914,"Osijek Museum","Dalmatia","IS",538,552,1,,"Goricke 1998, 1151, no. 21"
915,"Osijek Museum","Dalmatia","IS",552,562,1,,"Goricke 1998, 1151, no. 22"
916,"Osijek Museum","Dalmatia","H",538,552,1,,"Goricke 1998, 1151, no. 23"
917,"Osijek Museum","Dalmatia","K",563,564,1,,"Goricke 1998, 1151, no. 24"
918,"Crete","Crete","K",565,578,11,,"Sidiropoulos 2000, 851, fig. 7"
919,"Crete","Crete","K",582,602,5,,"Sidiropoulos 2000, 851, fig. 7"
920,"Crete","Crete","K",602,610,3,,"Sidiropoulos 2000, 851, fig. 7"
921,"Crete","Crete","K",610,641,9,,"Sidiropoulos 2000, 851, fig. 7"
922,"Pula Museum","Dalmatia","K",568,578,1,,"Matijasic 1983, 225, no. 46"
923,"Pula Museum","Dalmatia","K",568,569,1,,"Matijasic 1983, 225, no. 45"
924,"Pula Museum","Dalmatia","K",605,610,1,,"Matijasic 1983, 226, no. 69"
925,"Kayseri","Turkey","K",565,578,4,,"Metivier, Prigent 2010, 613, annex 1"
926,"Nigde","Turkey","K",565,578,1,,"Metivier, Prigent 2010, 614, annex 2"
927,"Majsan","Dalmatia","K",562,565,1,"monastic complex excav.","Mirnik 1985, 91, no. 11"
928,"Majsan","Dalmatia","K",574,575,1,"monastic complex excav.","Mirnik 1985, 92, no. 19"
929,"Dubrovnik","Dalmatia","IS",538,562,1,"excav. Under Dubrovnik cathedral","Mirnik 1995, 171, no. 1"
930,"Thasos","Macedonia","IS",538,552,1,"agora","Picard 1979, 439"
931,"Thasos","Macedonia","IS",552,562,2,"agora","Picard 1979, 439"
932,"Thasos","Macedonia","H",538,552,3,"agora, etc","Picard 1979, 439"
933,"Thasos","Macedonia","K",563,564,3,"agora, etc","Picard 1979, 439"
934,"Thasos","Macedonia","K",565,566,1,"agora","Picard 1979, 442"
935,"Thasos","Macedonia","K",566,567,1,"Caracalla arch","Picard 1979, 442"
936,"Thasos","Macedonia","K",567,568,1,,"Picard 1979, 442"
937,"Thasos","Macedonia","K",569,570,1,,"Picard 1979, 442"
938,"Thasos","Macedonia","K",571,572,1,"agora","Picard 1979, 442"
939,"Thasos","Macedonia","K",574,575,3,"agora, etc","Picard 1979, 442"
940,"Thasos","Macedonia","I",572,573,1,"agora","Picard 1979, 442"
941,"Thasos","Macedonia","I",565,578,1,"agora","Picard 1979, 442"
942,"Thasos","Macedonia","K",578,579,1,"agora","Picard 1979, 444"
943,"Thasos","Macedonia","K",579,580,1,"agora","Picard 1979, 444"
944,"Thasos","Macedonia","K",584,585,3,"agora, etc","Picard 1979, 445"
945,"Thasos","Macedonia","K",585,586,3,,"Picard 1979, 445"
946,"Thasos","Macedonia","K",586,587,1,"agora","Picard 1979, 445"
947,"Thasos","Macedonia","K",587,588,2,"port fortress","Picard 1979, 445"
948,"Thasos","Macedonia","K",596,597,1,,"Picard 1979, 445"
949,"Thasos","Macedonia","K",602,602,1,"agora","Picard 1979, 445"
950,"Thasos","Macedonia","K",602,603,2,,"Picard 1979, 446"
951,"Thasos","Macedonia","K",603,604,1,,"Picard 1979, 446"
952,"Thasos","Macedonia","K",604,605,5,"agora, artemision, maritime gate, etc","Picard 1979, 448"
953,"Thasos","Macedonia","K",611,612,3,,"Picard 1979, 449"
954,"Thasos","Macedonia","K",612,613,1,,"Picard 1979, 449"
955,"Thasos","Macedonia","K",613,614,1,,"Picard 1979, 449"
956,"Thasos","Macedonia","K",614,615,3,"agora, cemetery,","Picard 1979, 449"
957,"Thasos","Macedonia","K",618,619,2,"agora","Picard 1979, 449"
958,"Stalac","Dacia","K",569,570,1,,"Raskovic 2011, 183, plate 5, no. 2"
959,"Maskare","Dacia","K",575,576,1,,"Raskovic 2011, 183, plate 5, no. 3"
960,"Manisa Museum","Turkey","E",565,578,1,,"Unal 2012, 42, no. 83"
961,"Gerasa","Arabia","K",562,564,1,,"Bellinger 1938, 102, no. 407"
962,"Gerasa","Arabia","K",566,567,1,,"Bellinger 1938, 106, no. 433"
963,"Gerasa","Arabia","K",569,570,1,,"Bellinger 1938, 106, no. 434"
964,"Gerasa","Arabia","K",570,571,2,,"Bellinger 1938, 107, no. 435"
965,"Gerasa","Arabia","K",572,573,1,,"Bellinger 1938, 107, no. 436"
966,"Gerasa","Arabia","K",575,576,2,,"Bellinger 1938, 107, no. 437"
967,"Gerasa","Arabia","K",576,577,2,,"Bellinger 1938, 107, no. 438-439"
968,"Gerasa","Arabia","K",567,578,1,,"Bellinger 1938, 107, no. 440"
969,"Gerasa","Arabia","K",565,578,2,,"Clark 1986, 261"
970,"Gerasa","Arabia","K",582,602,1,,"Clark 1986, 261"
971,"Gerasa","Arabia","K",614,615,1,,"Clark 1986, 104, no. 33"
972,"Gerasa","Arabia","K",567,568,1,,"Marot 1998, 474, no. 1296"
973,"Gerasa","Arabia","K",569,570,1,,"Marot 1998, 475, no. 1297"
974,"Gerasa","Arabia","K",574,575,1,,"Marot 1998, 475, no. 1298"
975,"Gerasa","Arabia","K",565,578,2,,"Marot 1998, 475, no. 1299-1300"
976,"Gerasa","Arabia","K",594,595,1,,"Marot 1998, 481, no. 1348"
977,"Gerasa","Arabia","K",600,601,1,,"Marot 1998, 481, no. 1349"
978,"Gerasa","Arabia","M",629,630,1,,"Marot 1998, 487, no. 1348"
979,"Gerasa","Arabia","K",618,619,1,,"Marot 1998, 487, no. 1349"
980,"Tyre cemetery","Phoenike","K",587,588,1,"Massif 4066, M36, tomb 2","Cherub 1985, 565"
981,"Pella","Palestine","K",589,590,1,,"Sheedy 2001, 137, no. 70"
982,"Berytus","Phoenike","K",563,565,1,,"Butcher 2003, 267, no. 3112"
983,"Berytus","Phoenike","K",566,567,1,,"Butcher 2003, 269, no. 3130"
984,"Berytus","Phoenike","K",568,569,1,,"Butcher 2003, 269, no. 3131"
985,"Berytus","Phoenike","K",583,584,1,,"Butcher 2003, 272, no. 3148"
986,"Berytus","Phoenike","K",562,610,2,,"Butcher 2003, 274, no. 3167-3168"
987,"Berytus","Phoenike","M",628,629,1,,"Butcher 2003, 276, no. 3178"
989,"Balis","Syria","K",565,602,1,,"Hennequin 1978, 7, no. 59"
990,"Hama","Syria","K",565,578,1,,"Thomsen 1986, 62"
991,"Hama","Syria","M",612,620,2,,"Thomsen 1986, 63"
992,"Ashqelon","Palestine","K",601,602,1,,"Sokolov 2001, 217, no. 10"
993,"Caesarea Maritima","Palestine","M",619,620,1,,"Ariel 1986, 143, no. 82"
994,"Caesarea Maritima","Palestine","B",527,538,1,,"Evans 2006, 185, no. 2336"
995,"Caesarea Maritima","Palestine","K",566,567,1,,"Evans 2006, 188, no. 2402"
996,"Caesarea Maritima","Palestine","K",576,577,1,,"Evans 2006, 188, no. 2403"
997,"Caesarea Maritima","Palestine","K",568,569,2,,"Evans 2006, 188, no. 2404-2405"
998,"Caesarea Maritima","Palestine","K",574,575,1,,"Evans 2006, 189, no. 2406"
999,"Caesarea Maritima","Palestine","K",582,585,1,,"Evans 2006, 191, no. 2444"
1000,"Caesarea Maritima","Palestine","K",584,585,1,,"Evans 2006, 191, no. 2445"
1001,"Caesarea Maritima","Palestine","K",586,587,1,,"Evans 2006, 191, no. 2446"
1002,"Caesarea Maritima","Palestine","K",589,590,1,,"Evans 2006, 191, no. 2447"
1003,"Caesarea Maritima","Palestine","K",601,602,2,,"Evans 2006, 191, no. 2448; Lampinen 1992, no. 105"
1004,"Caesarea Maritima","Palestine","K",619,620,3,,"Evans 2006, 197, no. 2620-2621; Bijovsky 2013"
1005,"Caesarea Maritima","Palestine","K",585,586,1,,"Hohlfelder 1994, 82, no. 43"
1006,"Jerusalem","Palestine","K",562,565,1,,"Ariel 1982, 326"
1007,"Jerusalem","Palestine","K",565,578,5,,"Ariel 1982, 326"
1008,"Jerusalem","Palestine","K",578,582,2,,"Ariel 1982, 326"
1009,"Jerusalem","Palestine","K",582,602,3,,"Ariel 1982, 326"
1010,"Jerusalem","Palestine","K",568,569,1,,"Fitzgerald 1929, 117, no. 201"
1011,"Palestine","Palestine","K",571,572,1,,"Metcalf, Payne 1965, 186, no. 65"
1012,"Palestine","Palestine","K",575,576,1,,"Metcalf, Payne 1965, 186, no. 80"
1013,"Palestine","Palestine","M",616,617,1,,"Metcalf, Payne 1965, 257, no. 143"
1014,"Mount-Nebo","Palestine","K",601,602,1,,"Kirkbride 1941, 283, no. 63"
1015,"Mount-Nebo","Palestine","K",612,620,1,,"Kirkbride 1941, 284, no. 72"
1016,"Samaria","Palestine","M",518,527,1,,"Fulco 1981, 221, no. 322"
1017,"Samaria","Palestine","K",569,570,1,,"Reisner 1924, 272, no. 3"
1018,"Samaria","Palestine","K",563,564,1,,"Reisner 1924, 272, no. 7"
1019,"Hammat Gader","Palestine","K",569,570,1,"baths","Barkay 1997, 283, no. 41"
1020,"Hammat Gader","Palestine","I",565,566,1,"or 582/3","Barkay 1997, 285, no. 53"
1021,"Horvat Eleq (Ramat HaNadiv)","Palestine","B",527,538,1,,"Barkay 2000, 392, no. 255"
1022,"Horvat Eleq (Ramat HaNadiv)","Palestine","K",565,566,1,,"Barkay 2000, 393, no. 284"
1023,"Horvat Eleq (Ramat HaNadiv)","Palestine","K",571,572,1,"overstruck","Barkay 2000, 393, no. 290"
1024,"Horvat Eleq (Ramat HaNadiv)","Palestine","K",567,578,1,,"Barkay 2000, 393, no. 291"
1025,"Horvat Eleq (Ramat HaNadiv)","Palestine","K",565,578,1,,"Barkay 2000, 395, no. 315"
1026,"Horvat Eleq (Ramat HaNadiv)","Palestine","K",580,581,1,,"Barkay 2000, 396, no. 330"
1027,"En-Gedi","Palestine","K",574,575,1,,"Bijovsky 2007, 198, no. 352"
1028,"En-Gedi","Palestine","K",575,576,1,,"Bijovsky 2007, 198, no. 353"
1029,"En-Gedi","Palestine","K",565,578,1,,"Bijovsky 2007, 199, no. 354"
1030,"Lake Kinneret","Palestine","K",567,578,1,"excavated boat, surface finds","Gitler 1990, 105, no. 31"
1031,"Lake Kinneret","Palestine","K",576,577,1,,"Kool 2010, 221, no. 9"
1032,"Tel Jezreel","Palestine","K",565,578,1,"mint uncertain","Moorhead 1996, 162, no. 105"
1033,"Nirim","Palestine","K",584,585,1,,"Rahmani 1960, 18, no. 9"
1034,"Palestine","Palestine","K",565,568,1,"overstruck IS, 552-562","Garcia 2006, 97, no. 102"
1035,"Gradishte Taor","Macedonia","K",583,584,1,,"Ristov 2015, 387, fig. 22, no. 2"
1036,"Sexaginta Prista","Thracia (QE)","K",569,570,1,"excavations, burned layer","Rusev 2015, 206, no. 205"
1037,"Ratiaria","Dacia","K",574,575,1,"excav","Boshkova 1984, 110, no. 7"
1038,"Ratiaria","Dacia","K",565,578,1,"excav","Boshkova 1984, 111, no. 8"
1039,"Bargala","Macedonia","K",569,570,2,,"Aleksova 1989, 65 and 246, no. 53-54"
1040,"Bargala","Macedonia","IS",538,562,1,,"Aleksova 1989, 65 and 246, no. 55"
1041,"Bargala","Macedonia","K",571,572,1,"wrong year 5","Aleksova 1989, 65 and 246, no. 56"
1042,"Baalbek","Syria","H",538,562,1,,"Metcalf 1976, 44, no. 263"
1043,"Jerusalem","Palestine","B",518,527,2,,"Bijovsky 2012, 202, fig. 50"
1044,"Caesarea Maritima","Palestine","G",518,527,1,,"Evans 2006, no. 2214"
1045,"Nabratein","Palestine","Sol.",528,528,1,"excav.","Bijovsky 2009, 394, no. 81"
1046,"Jerusalem","Palestine","B",527,538,1,,"Bijovsky 2012, 220"
1047,"Apollonia","Palestine","K",564,565,1,,"Bijovsky 2012, 224"
1048,"Mount-Gerizim","Palestine","K",562,565,1,,"Bijovsky 2012, 224"
1049,"Martyrius Monastery","Palestine","K",565,578,3,,"Bijovsky 2012, 266 and 271, table 47"
1050,"Ashqelon","Palestine","K",565,578,1,,"Bijovsky 2012, 271, table 47"
1051,"Khirbet Fa'ush","Palestine","K",565,578,1,,"Bijovsky 2012, 272, table 47"
1052,"Apollonia","Palestine","K",565,578,4,,"Bijovsky 2012, 272, table 47"
1053,"Caesarea Maritima","Palestine","K",565,578,21,,"Bijovsky 2012, 272, table 47"
1054,"En-Zur (Ramat haNadiv)","Palestine","K",565,578,4,,"Bijovsky 2012, 272, table 47"
1055,"Bet-She'an","Palestine","K",565,578,4,,"Bijovsky 2012, 272, table 47"
1056,"Sepphoris","Palestine","K",565,578,2,,"Bijovsky 2012, 272, table 47"
1057,"Caesarea Maritima","Palestine","K",578,582,1,"Byz wall south","Bijovsky 2012, 277, n. 133"
1058,"Palestine","Palestine","K",582,602,25,,"Bijovsky 2012, 287, table 52"
1059,"Caesarea Maritima","Palestine","K",602,610,1,,"Bijovsky 2012, 364"
1060,"Caesarea Maritima","Palestine","K",618,619,1,,"Bijovsky 2012, 386, fig. 144"
1061,"Apollonia","Palestine","K",613,614,1,,"Bijovsky 2012, 386, fig. 144"
1062,"Sirmium","Dacia","IS",552,562,1,,"Metcalf 1976, 43, no. 230=Mirnik, Semrov 1998, 155, no. 166"
1063,"Nea Ankhialos","Macedonia","IS",538,552,6,,"Metcalf 1976, 49"
1064,"Nea Ankhialos","Macedonia","IS",538,562,2,,"Metcalf 1976, 49"
1065,"Nea Ankhialos","Macedonia","H",538,562,1,,"Metcalf 1976, 49"
1066,"Serrai","Macedonia","IS",538,552,1,,"Metcalf 1976, 38, no. 68"
1067,"Stari-Slankamen","Dacia","IS",538,552,3,,"Mirnik, Semrov 1998, 155, no. 167-168, 171=Metcalf 1960, 436, no. 79-82, dif privy marks"
1068,"Stari-Slankamen","Dacia","IS",552,562,1,,"Mirnik, Semrov 1998, 155, no. 173=Metcalf 1960, 436, no. 82"
1069,"Karlobag","Dalmatia","IS",552,562,1,,"Mirnik, Semrov 1998, 155, no. 175"
1070,"Novi Banovci","Dacia","IS",552,562,1,,"Mirnik, Semrov 1998, 155, no. 176=Metcalf 1960, 435, no. 25"
1071,"Novi Banovci","Dacia","IS",538,552,1,,"Mirnik, Semrov 1998, 156, no. 179=Metcalf 1960, 435, no. 26"
1072,"Karlobag","Dalmatia","K",565,566,1,,"Mirnik, Semrov 1997-1998, 178, no. 503"
1073,"Sirmium","Dacia","K",568,569,1,,"Mirnik, Semrov 1997-1998, 179, no. 508=Metcalf 1960, 433, no. 5"
1074,"Sirmium","Dacia","K",569,570,2,,"Mirnik, Semrov 1997-1998, 179, no. 519=Metcalf 1960, 433, no. 6"
1075,"Petrovci","Barbaricum/Dalmatia","K",569,570,1,,"Mirnik, Semrov 1997-1998, 179, no. 520"
1077,"Sirmium","Dacia","K",570,571,1,,"Mirnik, Semrov 1997-1998, 180, no. 526=Metcalf 1960, 434, no. 7"
1078,"Novi Banovci","Dacia","K",574,575,1,,"Mirnik, Semrov 1997-1998, 181, no. 537=Metcalf 1960, 434, no. 8"
1079,"Sirmium","Dacia","K",574,575,1,,"Mirnik, Semrov 1997-1998, 181, no. 542"
1080,"Orolik","Barbaricum/Dalmatia","K",581,582,1,,"Mirnik, Semrov 1997-1998, 185, no. 597"
1081,"Osijek","Barbaricum/Dalmatia","Trem.",582,584,1,,"Mirnik, Semrov 1997-1998, 188, no. 627"
1082,"Anatolia","Turkey","K",587,588,1,,"Mirnik, Semrov 1997-1998, 188, no. 628"
1083,"Olynthus","Macedonia","IS",538,552,1,,"Metcalf 1976, 49"
1084,"Olynthus","Macedonia","IS",552,562,1,,"Metcalf 1976, 49"
1085,"Olynthus","Macedonia","IS",538,562,1,,"Metcalf 1976, 49"
1086,"Thessalonica","Macedonia","IS",538,562,2,,"Metcalf 1976, 50"
1087,"Thessalonica","Macedonia","IS",538,552,2,,"Metcalf 1976, 50 and 38, no. 76"
1088,"Thessalonica","Macedonia","H",527,538,2,,"Metcalf 1976, 35, no. 15, 18"
1089,"Thessalonica","Macedonia","D",527,538,2,,"Metcalf 1976, 50"
1090,"Odurtsi","Thracia (QE)","K",564,565,1,,"Torbatov 2002, 109, no. 59"
1091,"Odurtsi","Thracia (QE)","K",568,569,4,,"Torbatov 2002, 122, no. 100-102 and 136, no. 20"
1092,"Odurtsi","Thracia (QE)","K",569,570,2,,"Torbatov 2002, 122-123, no. 103-104"
1093,"Odurtsi","Thracia (QE)","K",570,571,1,,"Torbatov 2002, 123, no. 105"
1094,"Odurtsi","Thracia (QE)","K",574,575,4,"1 overstruck Justinian (no. 106)","Torbatov 2002, 123-124, no. 106-108 and 137, no. 21"
1095,"Odurtsi","Thracia (QE)","K",583,584,1,,"Torbatov 2002, 129, no. 123"
1096,"Viminacium","Dacia","IS",538,552,1,,"Ivanisevic 1988, 92, no. 27"
1097,"Viminacium","Dacia","IS",552,562,1,,"Ivanisevic 1988, 92, no. 28"
1098,"Viminacium","Dacia","IS",538,562,1,,"Ivanisevic 1988, 92, no. 29"
1099,"Viminacium","Dacia","K",564,565,1,,"Ivanisevic 1988, 92, no. 30"
1100,"Viminacium","Dacia","K",565,566,1,,"Ivanisevic 1988, 93, no. 34"
1101,"Viminacium","Dacia","K",568,569,2,,"Ivanisevic 1988, 93, no. 35-36"
1102,"Viminacium","Dacia","K",569,570,3,,"Ivanisevic 1988, 93, no. 37-39"
1103,"Viminacium","Dacia","K",570,571,1,,"Ivanisevic 1988, 93, no. 40"
1104,"Viminacium","Dacia","K",569,571,1,,"Ivanisevic 1988, 93, no. 41"
1105,"Viminacium","Dacia","K",572,573,2,,"Ivanisevic 1988, 93, no. 42-43"
1106,"Viminacium","Dacia","K",573,574,1,,"Ivanisevic 1988, 93, no. 44"
1107,"Viminacium","Dacia","K",574,575,4,,"Ivanisevic 1988, 93, no. 45-49"
1108,"Viminacium","Dacia","K",568,576,1,,"Ivanisevic 1988, 93, no. 50"
1109,"Viminacium","Dacia","K",565,583,1,,"Ivanisevic 1988, 94, no. 58"
1110,"Bet-Guvrin","Palestine","K",565,578,4,,"Bijovsky 2012, 271, table 47"
1112,"Celje","Dalmatia","K",574,575,1,,"Kos, 1986, 226"
1114,"Nemea","Achaia","K",599,600,1,"wrong 562/3 see Hesperia 1976","Mac Isaac 2005, 208, no. 2437"
1115,"Nemea","Achaia","K",569,570,3,"1 NIK wrong TES","Mac Isaac 2005, 208, no. 2438; 210, no. 2452-2453"
1116,"Nemea","Achaia","K",572,573,4,,"Mac Isaac 2005, 210-211, no. 2454-2456; 2468"
1117,"Nemea","Achaia","K",573,574,1,,"Mac Isaac 2005, 210, no. 2459"
1118,"Nemea","Achaia","K",574,575,3,,"Mac Isaac 2005, 210, no. 2460, 2462-2463"
1119,"Nemea","Achaia","K",575,576,1,,"Mac Isaac 2005, 210, no. 2464"
1120,"Nemea","Achaia","K",568,578,1,,"Mac Isaac 2005, 211, no. 2467"
1121,"Nemea","Achaia","K",582,583,1,,"Mac Isaac 2005, 212, no. 2480"
1122,"Nemea","Achaia","K",601,602,1,,"Mac Isaac 2005, 212, no. 2481"
1123,"Carthage","Africa","K",569,570,1,,"Buttrey 1976, no. 221"
1124,"Silistra","Thracia (QE)","K",599,600,1,,"MNIR 2002"
1125,"Tsari Mali","Dacia","IS",527,565,3,,"Paunov 2013, 108"
1126,"Caricin Grad","Dacia","I",579,580,1,,"Ivanisevic 2015, 91, no. 2"
1127,"Caricin Grad","Dacia","K",586,587,2,,"Ivanisevic 2015, 91-92, no. 3-4"
1128,"Caricin Grad","Dacia","K",597,598,1,,"Ivanisevic 2015, 92, no. 5"
1129,"Caricin Grad","Dacia","I",602,603,1,,"Ivanisevic 2015, 92, no. 6"
1130,"Cecan/Gorni Streoc","Dacia","IS",538,552,2,,"Ivanisevic, Spehar 2005, 154, no. 59, 61"
1131,"Cecan/Gorni Streoc","Dacia","IS",552,562,1,,"Ivanisevic, Spehar 2005, 154, no. 60"
1132,"Cecan/Gorni Streoc","Dacia","IS",538,562,1,,"Ivanisevic, Spehar 2005, 154, no. 62"
1133,"Cecan/Gorni Streoc","Dacia","K",563,564,1,,"Ivanisevic, Spehar 2005, 154, no. 63"
1134,"Cecan/Gorni Streoc","Dacia","K",566,567,1,,"Ivanisevic, Spehar 2005, 154, no. 67"
1135,"Cecan/Gorni Streoc","Dacia","K",567,568,1,,"Ivanisevic, Spehar 2005, 154, no. 68"
1136,"Cecan/Gorni Streoc","Dacia","K",568,569,3,,"Ivanisevic, Spehar 2005, 154, no. 69-71"
1137,"Cecan/Gorni Streoc","Dacia","K",569,570,2,,"Ivanisevic, Spehar 2005, 154, no. 72-73"
1138,"Cecan/Gorni Streoc","Dacia","K",570,571,1,,"Ivanisevic, Spehar 2005, 154, no. 74"
1139,"Cecan/Gorni Streoc","Dacia","K",574,575,1,,"Ivanisevic, Spehar 2005, 154, no. 75"
1140,"Cecan/Gorni Streoc","Dacia","K",568,577,1,,"Ivanisevic, Spehar 2005, 154, no. 76"
1141,"Cecan/Gorni Streoc","Dacia","K",568,583,1,,"Ivanisevic, Spehar 2005, 154, no. 77"
1142,"Sirmium","Dacia","M",518,527,1,,"Popovic 1978, 182, no. 5"
1143,"Sirmium","Dacia","K",563,564,1,,"Popovic 1978, 183, no. 15"
1144,"Sirmium","Dacia","K",565,566,1,,"Popovic 1978, 183, no. 22"
1145,"Sirmium","Dacia","K",567,568,1,,"Popovic 1978, 184, no. 23"
1146,"Sirmium","Dacia","K",568,569,6,,"Popovic 1978, 184, no. 24-29"
1147,"Sirmium","Dacia","K",569,570,2,,"Popovic 1978, 184, no. 30-31"
1148,"Sirmium","Dacia","K",574,575,11,,"Popovic 1978, 184, no. 32-42"
1149,"Sirmium","Dacia","K",577,578,1,,"Popovic 1978, 185, no. 43"
1150,"Sirmium","Dacia","K",565,578,3,,"Popovic 1978, 185, no. 44-46"
1151,"Corinth","Achaia","K",563,564,1,,"Mac ISaac 1987, 135, no. 603"
1152,"Corinth","Achaia","K",567,568,1,,"Mac ISaac 1987, 135, no. 608"
1153,"Corinth","Achaia","K",569,570,1,,"Mac ISaac 1987, 135, no. 609"
1154,"Corinth","Achaia","K",571,572,1,,"Mac ISaac 1987, 136, no. 611"
1155,"Corinth","Achaia","K",574,575,1,,"Mac ISaac 1987, 136, no. 612"
1156,"Corinth","Achaia","K",575,576,1,,"Mac ISaac 1987, 136, no. 613"
1157,"Corinth","Achaia","K",577,578,1,,"Mac ISaac 1987, 136, no. 614"
1158,"Corinth","Achaia","K",567,580,1,,"Mac ISaac 1987, 135, no. 610"
1159,"Corinth","Achaia","K",578,579,1,,"Mac ISaac 1987, 136, no. 619"
1160,"Corinth","Achaia","K",581,582,1,,"Mac ISaac 1987, 136, no. 620"
1161,"Corinth","Achaia","K",586,587,1,,"Mac ISaac 1987, 136, no. 623"
1162,"Corinth","Achaia","K",604,605,1,,"Mac Isaac 1987, 136, no. 625"
1163,"Corinth","Achaia","K",614,615,1,,"Mac ISaac 1987, 136, no. 629"
1164,"Corinth","Achaia","K",569,578,1,,"Fisher 1971, 47, no. 202"
1165,"Corinth","Achaia","K",589,602,1,,"Fisher 1976, 159, no. 187"
1166,"Corinth","Achaia","K",569,571,1,,"Fisher 1975, 47, no. 220"
1168,"Corinth","Achaia","K",576,577,1,,"Zervos 1991, 49, no. 60"
1169,"Nis","Dacia","K",563,564,1,,"Crnoglavac 2005, 98, no. 121-122"
1170,"Nis","Dacia","IS",538,552,2,,"Crnoglavac 2005, 99, no. 123 and 100, no. 130"
1171,"Azbresnica","Dacia","IS",538,562,1,,"Crnoglavac 2005, 100, no. 129"
1172,"Azbresnica","Dacia","K",568,569,2,,"Crnoglavac 2005, 105, no. 147-148"
1173,"Nis","Dacia","K",568,569,1,,"Crnoglavac 2005, 104, no. 146"
1174,"Prokuplje","Dacia","K",565,566,1,,"Crnoglavac 2005, 104, no. 145"
1175,"Nis","Dacia","K",584,585,1,,"Crnoglavac 2005, 107, no. 155"
1176,"Nis","Dacia","K",595,596,1,,"Crnoglavac 2005, 107, no. 156"
1177,"Nis","Dacia","K",583,584,1,"attribution in doubt","Crnoglavac 2005, 107, no. 157"
1178,"Dimitrovgrad","Dacia","M",518,527,1,,"Crnoglavac 2005, 87, no. 72"
1179,"Carthage","Africa","IS",552,562,1,,"Metcalf 1976, 48"
1180,"Olympia","Achaia","B",527,538,1,,"Metcalf 1976, 36, no. 31 bis"
1181,"Perani","Achaia","M",614,615,1,,"Kyrou, Artemis 2012, 334, no. 3"
1182,"Paliokastro","Achaia","IS",527,562,1,,"Marki, Akrivopoulpu 2003, 293"
1183,"Paliokastro","Achaia","E",565,578,1,,"Marki, Akrivopoulpu 2003, 293"
1184,"Polypetron","Macedonia","IS",527,562,1,,"Makropoulou 2002, 370-371"
1185,"Amvrakikos","Macedonia","K",617,618,1,,"Mparla-Palla 1970, 97, no. 19"
1186,"Patras","Achaia","K",567,578,1,,"Dekoulakou 1975, 114"
1187,"Banjica","Macedonia","IS",538,552,1,,"Lilcic 1998, 28"
1188,"Kriva Krusa","Macedonia","IS",552,562,1,,"Lilcic 1998, 38"
1189,"Teovo","Macedonia","IS",527,562,1,,"Lilcic 1998, 50"
1190,"Star Grad","Macedonia","IS",527,565,1,,"Lilcic 1998, 52"
1191,"Setina","Macedonia","IS",527,562,1,,"Moutsopoulos 1992, 17"
1192,"Dobrudja","Thracia (QE)","K",563,564,1,,"Gandila 2008, 293, no. 31"
1193,"Dobrudja","Thracia (QE)","K",568,569,1,,"Gandila 2008, 294, no. 51"
1194,"Dobrudja","Thracia (QE)","K",569,570,2,,"Gandila 2008, 294, no. 52-53"
1195,"Dobrudja","Thracia (QE)","K",574,575,1,,"Gandila 2008, 294, no. 55"
1196,"Dobrudja","Thracia (QE)","K",568,575,1,,"Gandila 2008, 294, no. 56"
1197,"Dobrudja","Thracia (QE)","K",586,587,1,,"Gandila 2008, 295, no. 72"
1198,"Dobrudja","Thracia (QE)","K",587,588,1,,"Gandila 2008, 295, no. 73"
1199,"Dobrudja","Thracia (QE)","K",601,602,1,,"Gandila 2008, 295, no. 75"
1200,"Curium","Cyprus","K",583,584,1,,"Cox 1959, 80, no. 702"
1201,"Curium","Cyprus","K",587,588,2,,"Cox 1959, 80, no. 702"
1202,"Curium","Cyprus","K",602,603,1,,"Cox 1959, 80, no. 707"
1203,"Saranda","Macedonia","K",571,572,1,,"Lako 1991, 157"
1204,"Amphipolis","Macedonia","D",538,562,1,"basilica 2","Stikas 1972, 61, no. 8"
1205,"Amphipolis","Macedonia","K",571,572,1,,"Stikas 1966, 42"
1206,"Nea Anchialos","Macedonia","I",562,565,3,,"Lazaridis 1977, 61, 63"
1207,"Amphipolis","Macedonia","K",572,573,1,,"Stikas 1970, 54, no. 35"
1208,"Philippi","Macedonia","K",527,565,1,"maybe IS","Pelekanidis 1975, 96"
1209,"Argos","Achaia","K",574,575,1,"baptistery","Oikonomou-Laniado, 2003, 20, no. 10"
1210,"Argos","Achaia","K",575,576,1,"baptistery","Oikonomou-Laniado, 2003, 20, no. 11"
1211,"Heraclea Lyncestis","Macedonia","K",584,585,1,,"Popovic 1980, 243"
1212,"Kastritsa","Achaia","K",582,583,1,,"Douzougli 1994, 366"
1213,"Pernik","Dacia","M",518,527,1,,"Iurukova 1981, 244, no. 60"
1214,"Pernik","Dacia","IS",538,550,2,,"Iurukova 1981, 249, no. 89-90"
1215,"Pernik","Dacia","K",563,564,1,,"Iurukova 1981, 249, no. 91"
1216,"Pernik","Dacia","K",566,567,1,,"Iurukova 1981, 253, no. 116"
1217,"Pernik","Dacia","K",567,568,1,,"Iurukova 1981, 253, no. 117"
1218,"Pernik","Dacia","K",568,569,2,,"Iurukova 1981, 253, no. 118-119"
1219,"Pernik","Dacia","K",569,570,3,,"Iurukova 1981, 253-254, no. 120-122"
1220,"Pernik","Dacia","K",572,573,1,,"Iurukova 1981, 254, no. 123"
1221,"Pernik","Dacia","K",574,575,2,,"Iurukova 1981, 254, no. 124-125"
1222,"Pernik","Dacia","K",565,566,1,,"Iurukova 1981, 253, no. 115"
1223,"Zusem","Dalmatia","K",538,562,1,"wrong K","Semrov 2004, 488, no. 152.3"
1224,"Peristera","Thracia","K",563,564,1,,"Petrunova 2012, 226, no. 17"
1225,"Peristera","Thracia","K",575,576,1,,"Petrunova 2012, 230, no. 38"
1226,"Peristera","Thracia","K",569,570,1,"wrong y. X","Petrunova 2012, 230, no. 37"
1227,"Peristera","Thracia","K",576,578,1,"no date","Petrunova 2012, 230, no. 40"
1228,"Peristera","Thracia","K",568,569,1,"overstruck","Petrunova 2012, 231, no. 45"
1229,"Peristera","Thracia","K",574,575,1,,"Petrunova 2012, 231-232, no. 46"
1230,"Peristera","Thracia","K",567,568,1,,"Petrunova 2012, 232, no. 48"
1231,"Peristera","Thracia","K",569,570,4,,"Petrunova 2012, 232, no. 49-50, 52, 55"
1232,"Peristera","Thracia","K",565,566,1,,"Petrunova 2012, 232, no. 51"
1233,"Peristera","Thracia","K",578,579,1,"wrong 582/3","Petrunova 2012, 236, no. 72"
1234,"Peristera","Thracia","K",568,569,1,,"Petrunova 2012, 232, no. 54"
1235,"Peristera","Thracia","K",574,576,1,"wrong y. XII","Petrunova 2012, 232, no. 53"
1236,"Smirna","Turkey","K",567,578,1,"Altinpark","Ersoy 2014, 75, no. 159"
1237,"Smirna","Turkey","K",569,570,1,"Altinpark","Ersoy 2014, 74, no. 160"
1238,"Smirna","Turkey","K",587,588,1,"Altinpark","Ersoy 2014, 77, no. 168"
1239,"Smirna","Turkey","K",613,614,1,"Altinpark","Ersoy 2014, 81, no. 178"
1241,"Hippos","Palestine","K",598,599,1,,"Berman 2008, 153, no. 71"
1242,"Hippos","Palestine","K",602,602,1,,"Berman 2008, 153, no. 72"
1243,"Hippos","Palestine","K",572,573,1,,"Berman 2008, 152, no. 67"
1244,"Hippos","Palestine","K",589,590,1,,"Berman 2008, 145, no. 39"
1245,"Hippos","Palestine","K",569,570,2,,"Berman 2008,160"
1246,"Hippos","Palestine","K",594,595,1,,"Berman 2008,161"
1247,"Hajdunanas","Barbaricum","K",589,590,1,,"Somogyi, fig. 7,  forthcoming"
1248,"Scolacium","Italy","M",614,615,1,,"Arslan, Repertorio, no. 980"
1249,"Sant'Agata Feltria","Italy","K",567,568,1,,"Arslan, Repertorio, no. 2023"
1250,"Villanova Forru","Italy","A",527,538,1,,"Arslan, Repertorio, no. 5970"
1251,"Cornus","Italy","A",527,538,1,,"Arslan, Repertorio, no. 5530"
1252,"Camarina","Italy","K",611,612,1,,"Arslan, Repertorio, no. 6282"
1253,"Camarina","Italy","K",616,617,1,,"Arslan, Repertorio, no. 6282"
1254,"Feltre Museum","Italy","K",568,576,1,,"Arslan, Repertorio, no. 8960"
1255,"Oderzo","Italy","K",518,578,3,,"Arslan, Repertorio, no. 9140"
1256,"Tyana","Turkey","K",582,602,1,,"Asolati, Crisafulli 2015, 236, table 1"
1257,"Elaiussa Sebaste","Turkey","K",567,568,1,,"Tekin 2003, 545, no. 55"
1258,"Elaiussa Sebaste","Turkey","M",615,616,1,,"Tekin 2003, 548, no. 78"
1259,"Iasos","Turkey","K",569,570,2,,"Delrieux 2010-2011, 405, no. 20, 22"
1260,"Iasos","Turkey","K",571,572,1,"wrong CON","Delrieux 2010-2011, 405, no. 23"
1261,"Iasos","Turkey","M",613,614,1,,"Delrieux 2010-2011, 408, no. 46"
